# Q65 contest caller list: script for scripts/jttysim/q65_callers_oracle.f90 (R record, X expire, D remove, L list)
R	1500	10	K1ABC W0AB EN37
R	1501	11	K1ABC W1AB EN37
R	1502	12	K1ABC W2AB EN37
R	1503	13	K1ABC W3AB EN37
R	1504	14	K1ABC W4AB EN37
R	1505	15	K1ABC W5AB EN37
R	1506	16	K1ABC W6AB EN37
R	1507	17	K1ABC W7AB EN37
R	1508	18	K1ABC W8AB EN37
R	1509	19	K1ABC W9AB EN37
R	1510	20	K1ABC W10AB EN37
R	1511	21	K1ABC W11AB EN37
R	1512	22	K1ABC W12AB EN37
R	1513	23	K1ABC W13AB EN37
R	1514	24	K1ABC W14AB EN37
R	1515	25	K1ABC W15AB EN37
R	1516	26	K1ABC W16AB EN37
R	1517	27	K1ABC W17AB EN37
R	1518	28	K1ABC W18AB EN37
R	1519	29	K1ABC W19AB EN37
R	1520	30	K1ABC W20AB EN37
R	1521	31	K1ABC W21AB EN37
R	1522	32	K1ABC W22AB EN37
R	1523	33	K1ABC W23AB EN37
R	1524	34	K1ABC W24AB EN37
R	1525	35	K1ABC W25AB EN37
R	1526	36	K1ABC W26AB EN37
R	1527	37	K1ABC W27AB EN37
R	1528	38	K1ABC W28AB EN37
R	1529	39	K1ABC W29AB EN37
R	1530	40	K1ABC W30AB EN37
R	1531	41	K1ABC W31AB EN37
R	1532	42	K1ABC W32AB EN37
R	1533	43	K1ABC W33AB EN37
R	1534	44	K1ABC W34AB EN37
R	1535	45	K1ABC W35AB EN37
R	1536	46	K1ABC W36AB EN37
R	1537	47	K1ABC W37AB EN37
R	1538	48	K1ABC W38AB EN37
R	1539	49	K1ABC W39AB EN37
R	1540	50	K1ABC W40AB EN37
R	1541	51	K1ABC W41AB EN37
R	1542	52	K1ABC W42AB EN37
R	1543	53	K1ABC W43AB EN37
R	1544	54	K1ABC W44AB EN37
R	1545	55	K1ABC W45AB EN37
R	1546	56	K1ABC W46AB EN37
R	1547	57	K1ABC W47AB EN37
R	1548	58	K1ABC W48AB EN37
R	1549	59	K1ABC W49AB EN37
R	1600	1000	K1ABC W0AB RR73
R	1601	1001	K1ABC N0NEW FN42
L	K1ABC	VK3ABC	QF22
L	K1ABC	N0NEW	FN42
L	K1ABC	VK3ABC	
L	K1ABC	PJ4/K1ABC	FN42
X	200000
R	1500	5	K1ABC T0AB EN37
R	1501	5	K1ABC T1AB EN37
R	1502	5	K1ABC T2AB EN37
R	1503	5	K1ABC T3AB EN37
R	1504	5	K1ABC T4AB EN37
R	1505	5	K1ABC T5AB EN37
R	1506	5	K1ABC T6AB EN37
R	1507	5	K1ABC T7AB EN37
R	1508	5	K1ABC T8AB EN37
R	1509	5	K1ABC T9AB EN37
R	1510	5	K1ABC T10AB EN37
R	1511	5	K1ABC T11AB EN37
R	1512	5	K1ABC T12AB EN37
R	1513	5	K1ABC T13AB EN37
R	1514	5	K1ABC T14AB EN37
R	1515	5	K1ABC T15AB EN37
R	1516	5	K1ABC T16AB EN37
R	1517	5	K1ABC T17AB EN37
R	1518	5	K1ABC T18AB EN37
R	1519	5	K1ABC T19AB EN37
R	1520	5	K1ABC T20AB EN37
R	1521	5	K1ABC T21AB EN37
R	1522	5	K1ABC T22AB EN37
R	1523	5	K1ABC T23AB EN37
R	1524	5	K1ABC T24AB EN37
R	1525	5	K1ABC T25AB EN37
R	1526	5	K1ABC T26AB EN37
R	1527	5	K1ABC T27AB EN37
R	1528	5	K1ABC T28AB EN37
R	1529	5	K1ABC T29AB EN37
R	1530	5	K1ABC T30AB EN37
R	1531	5	K1ABC T31AB EN37
R	1532	5	K1ABC T32AB EN37
R	1533	5	K1ABC T33AB EN37
R	1534	5	K1ABC T34AB EN37
R	1535	5	K1ABC T35AB EN37
R	1536	5	K1ABC T36AB EN37
R	1537	5	K1ABC T37AB EN37
R	1538	5	K1ABC T38AB EN37
R	1539	5	K1ABC T39AB EN37
R	1540	5	K1ABC T40AB EN37
R	1541	5	K1ABC T41AB EN37
R	1542	5	K1ABC T42AB EN37
R	1543	5	K1ABC T43AB EN37
R	1544	5	K1ABC T44AB EN37
R	1545	5	K1ABC T45AB EN37
R	1546	5	K1ABC T46AB EN37
R	1547	5	K1ABC T47AB EN37
R	1548	5	K1ABC T48AB EN37
R	1549	5	K1ABC T49AB EN37
R	1700	6	K1ABC T7NEW FN42
R	1701	6	K1ABC T8NEW FN42
R	1500	7	K1ABC W9XYZ/P EN37
R	1500	8	K1ABC  EN37
R	1500	9	K1ABC W9XYZ
R	1500	10	K1ABC JA1ABC R PM95
R	1500	11	K1ABC JA1ABCDE PM95
R	1500	12	CQ JA2ABC PM95
R	1500	13	K1ABC JA3ABC RR73
R	1500	14	K1ABC JA4ABC ZZ99
R	1500	15	K1ABC JA5ABC AA00
R	1500	16	AAAAAAAAAAAAAAAAAAAAAAAAAAAAAAAAAAAAA
R	1500	17	K1ABC BBBBBBBBBBBBBBBBBBBBBBBBBBBBBB
R	1500	18	K1ABC JA6ABC PM95 EXTRA
R	1500	19	
R	1500	20	K1ABC JA7ABC R EN37
R	1500	21	 R K1ABC JA8ABC EN37
L	K1ABC	JA1ABC	PM95
X	300000
R	307	400001	K1ABC N9JBD R FN42
R	2892	400006	K1ABC A7VW R FN42
R	1073	400007	K1ABC J1AG R EN37
X	400007
R	1950	400067	K1ABC J0ZHL R AA00
R	1179	400127	W2RI A4IOC RR73
R	2482	420127	K1ABC V9AP RR73
R	890	423727	K1ABC A4WP RR99
X	423727
R	483	423727	A1XZK V9NC AA00
R	1277	423727	K1ABC V0VP R-12
R	1712	423732	K1ABC W2RI RR99
R	2243	423737	K1ABC W8XT RRR
R	2013	423742	K1ABC J1AG RR73
X	423742
R	2226	427342	K1ABC A1OP R QF22
R	788	447342	K1ABC W8XT RR99
R	1605	447343	K1ABC W0ON R IO91
R	1160	447344	K1ABC N7UA R QF22
R	338	467344	K1ABC W7ZCN R-12
R	891	467344	K1ABC N1GVJ FN42
R	2048	467349	K1ABC V9AP R RR73
R	1534	467350	K1ABC V4QSP R EN37
R	1844	487350	J3VRL V3RH QF22
R	764	487350	K1ABC A0UF RR99
R	2749	487355	K1ABC A8MFL R RR73
R	416	507355	A6IQD V4QSP PM95
R	2258	510955	K1ABC N9FX R AA00
R	2372	514555	K1ABC N0CID RR73
R	452	514560	K1ABC V3DUW R AA00
R	417	514561	K1ABC A8TGE R-12
R	2117	514561	K1ABC A8ET RR73
R	573	514621	K1ABC V3RH EN37
R	370	514626	K1ABC A0UF RR73
R	1159	514631	K1ABC W2RI R PM95
R	2317	514631	K1ABC N3OU EN37
R	1755	514632	K1ABC J8RB RR99
R	2712	514637	K1ABC V3DUW RRR
R	1725	518237	K1ABC J6FH -12
R	1803	518237	K1ABC A1OP PM95
R	1763	518238	K1ABC K4BYG R PM95
R	582	518238	K1ABC A0UF RR73
R	2568	538238	K1ABC J0ZHL R RR73
R	1356	538243	K1ABC V7YQ R FN42
R	1898	538244	K1ABC N3BPX PM95
R	641	538304	K1ABC V3DUW IO91
R	1664	541904	K1ABC J9VU QF22
R	1076	541905	K1ABC K5SKS R EN37
R	1203	545505	K1ABC W5XBS EN37
R	721	545506	K1ABC A8ET R AA00
D	V7YQ
R	1789	565506	K1ABC V3HFL EN37
R	2460	565506	N7UA A7VVD FN42
R	1769	565507	K1ABC K6OK PM95
R	1826	565507	K1ABC N9FX RR73
X	565507
R	1235	585507	K0EE V3DUW FN42
R	1922	585512	K1ABC W5XBS R RR73
R	980	585517	K1ABC A2XF R RR73
R	2152	585518	K1ABC K0JS EN37
R	1142	585578	K1ABC W0ON R QF22
R	840	585638	K1ABC V9NC QF22
R	1960	585638	K1ABC V1NJR R RR73
R	2053	589238	K1ABC V1NJR AA00
R	2720	589238	K1ABC N3OU AA00
R	2530	592838	K1ABC J6FH R FN42
R	1780	596438	K1ABC W9SW -12
R	1989	600038	K1ABC K8YG PM95
R	2772	600043	K1ABC A8TGE RR99
R	1296	600103	K1ABC J8BI RR73
R	2784	600108	K1ABC K5SKS RR73
R	780	620108	K1ABC J7WY EN37
R	348	623708	K1ABC A2BXJ IO91
R	2135	623708	K1ABC V5KH R AA00
R	2241	643708	K1ABC W2RI R QF22
R	787	643768	N7UA V8MVJ PM95
R	476	643768	K1ABC A7VW EN37
R	530	643769	K1ABC A1XZK EN37
R	2222	663769	K1ABC N9JBD EN37
R	1454	663774	A4IOC N5HOJ PM95
R	1794	683774	K1ABC A7VVD R PM95
R	1967	683775	K1ABC V0VP R IO91
R	1747	703775	K1ABC V1NJR EN37
R	775	723775	K1ABC W3PMF IO91
R	1265	723835	K1ABC A0ULW PM95
R	2510	723840	W1ZZ K6ULI IO91
R	1514	723845	K1ABC A8TGE QF22
R	2116	743845	K1ABC A7VW PM95
R	1027	743905	K1ABC J4LK AA00
R	1148	743906	K1ABC V0VP QF22
R	1311	743907	K1ABC W1ZZ RR73
R	769	763907	K1ABC A4IOC -12
R	1494	763908	K1ABC N5HOJ R RR99
R	867	763913	K1ABC A6LZA RR73
R	319	763913	K1ABC W1ZZ AA00
R	616	783913	K1ABC A7MLB RR73
R	1560	783918	K1ABC N1GVJ IO91
R	883	787518	K1ABC W5XBS RR73
R	1085	787523	K1ABC N3OU QF22
R	2420	787583	K1ABC W3PMF 73
R	911	787588	K4BYG N3OU FN42
R	1277	787588	K1ABC A7VVD -12
R	2037	787589	K1ABC V5KH AA00
R	2003	791189	K1ABC A1XZK R PM95
R	921	791189	K1ABC W0TB RR73
R	1243	791249	K1ABC J8FY RR99
R	603	794849	K1ABC K5SKS RR73
R	633	794849	K1ABC J0ZHL R IO91
R	818	794909	K1ABC W5XBS PM95
R	1452	794969	K1ABC K8YG FN42
R	1087	794970	K1ABC N9JBD RR99
R	2837	798570	K1ABC N7UA RR73
R	2419	798575	K1ABC J1AG QF22
R	1283	798635	K1ABC W3FR QF22
R	1509	818635	K1ABC A4IOC R QF22
R	1843	822235	K1ABC J3TG AA00
R	1451	842235	V7YQ A0UF IO91
R	2626	845835	K1ABC A8TGE QF22
R	1975	845835	K1ABC J3VRL FN42
R	1497	845840	K1ABC N3OU RR73
R	1190	845845	K1ABC A0DWC R IO91
R	1182	849445	K1ABC K0DJ RR73
D	A2BXJ
R	765	849450	K1ABC N9FX RR99
R	2444	849450	J8RB A0UF AA00
R	1396	849451	K1ABC K6ULI RR73
R	914	849451	K1ABC K0EE RRR
R	641	849451	K1ABC V7YQ FN42
R	2575	849451	K1ABC K6ULI PM95
R	2735	853051	V5KH A2BXJ QF22
R	1694	853051	K1ABC A8TGE FN42
R	2662	853111	K1ABC J8RB R PM95
R	1726	853171	A0UF V3DUW IO91
R	684	853231	W9PWV A5ZY RR73
R	1257	856831	K1ABC K6OK FN42
R	1118	860431	K1ABC N3BPX FN42
R	572	880431	K1ABC W0LWQ RR73
R	928	880491	K1ABC A4IOC AA00
R	1418	884091	K1ABC N8FTW 73
R	1836	887691	K1ABC J4LK PM95
R	2527	887692	J5NQ V8ZI FN42
R	2235	887693	K1ABC W3MHC RR99
R	2618	907693	K1ABC K6RWN R AA00
R	2256	907753	K1ABC W0TB RRR
R	497	907758	K1ABC J8FY RRR
R	2283	927758	A1XZK K6RWN RR99
R	1645	947758	K1ABC N0CID R IO91
R	1454	947759	K1ABC A4IOC RRR
R	1394	951359	K1ABC N5HOJ R QF22
R	2158	954959	K1ABC A6IQD R RR73
R	313	955019	K1ABC A4WP EN37
R	2485	955019	K1ABC A1XZK -12
R	393	955024	K1ABC K1RHR R AA00
R	959	975024	K1ABC V1NJR 73
X	975024
D	J9VU
R	2015	995024	K1ABC K6OK AA00
X	995024
R	316	995084	K1ABC A6LZA RRR
R	461	1015084	K1ABC K0EE QF22
R	365	1018684	K1ABC W2RI R IO91
R	2672	1038684	K1ABC V5KH PM95
R	2281	1038685	K1ABC A7VW IO91
R	1800	1038745	K1ABC V9NC RR73
R	372	1058745	K1ABC J3VRL AA00
R	2209	1078745	K1ABC K6RWN RR99
R	1473	1078750	K1ABC K0JS R QF22
R	1436	1078810	W7ZCN J4LK AA00
R	1080	1078815	K1ABC W9PWV R EN37
R	1361	1078875	K1ABC V3HFL R AA00
R	1364	1078935	K1ABC W5XBS RRR
R	1059	1098935	K1ABC W3FR EN37
R	2632	1118935	K1ABC A7VW R FN42
R	548	1118936	K1ABC A2XF 73
R	2671	1118996	K6OK N3BPX FN42
R	1769	1119001	K1ABC A5ZY R-12
R	640	1119002	K5SKS A0DWC RR73
R	836	1119007	K1ABC K1NHF -12
R	2450	1119067	K1ABC N3BPX 73
R	2200	1139067	K1ABC V5KH RR73
R	1479	1139072	K1ABC J3VRL AA00
R	2540	1159072	A8DZZ A5ZY FN42
R	1218	1159132	K1ABC A6IQD EN37
R	2544	1162732	K1ABC A7VW PM95
R	2456	1162733	K1ABC V3TRL R PM95
R	2449	1162738	K1ABC K8YG RRR
R	2010	1182738	K1ABC K6RWN EN37
R	2003	1182739	K1ABC V8ZI RR99
R	677	1182744	K1ABC N7UA EN37
R	777	1182749	K1ABC A7MLB R PM95
R	1706	1202749	K1ABC J9VU RR73
R	1518	1202749	K1ABC V3DUW 73
R	590	1202754	K1ABC J5NQ R EN37
R	1650	1206354	K1ABC K8YG RR99
R	2009	1226354	K1ABC W3FR AA00
R	908	1229954	K1ABC J9VU RR99
D	A8TGE
R	428	1229959	K5MWO V3FWC FN42
R	902	1229960	K1ABC A1XZK EN37
R	2380	1249960	K1ABC K6JXJ R EN37
R	1191	1253560	K1ABC V7YQ RR73
R	1071	1253620	K1ABC N5CUJ AA00
R	2603	1253625	K1ABC K1NHF RR73
R	2422	1257225	K1ABC N1GVJ R RR99
R	368	1260825	K1ABC A8DZZ PM95
R	2432	1260826	K1ABC A8ET IO91
R	1008	1260831	K1ABC V3HFL R RR99
R	2038	1260831	K1NHF K1RHR AA00
R	2277	1280831	K1ABC V5KH QF22
R	2073	1280831	N4LUV J3VRL IO91
R	1288	1280891	K1ABC A8MFL IO91
R	2110	1280896	A6IQD K5SKS EN37
R	1693	1280901	W1TJA J7GP RR73
R	2247	1280961	K1ABC V3DUW R IO91
R	1080	1280962	K1ABC V1NJR RR99
R	2884	1280963	K1ABC A4WP EN37
R	830	1280964	K1ABC V7YQ RRR
R	2214	1281024	K1ABC W7ZCN PM95
R	2396	1281024	K1ABC V8MVJ FN42
R	666	1281084	K1ABC K4TL IO91
R	1660	1281144	J0ZHL K8YG PM95
R	1086	1281149	K1ABC K5MWO 73
R	2594	1281150	K1ABC A7VVD 73
R	2785	1281151	K1ABC K8YG R RR99
R	1478	1281151	K1ABC K5SKS QF22
R	1511	1301151	K1ABC V9AP RR99
R	1246	1301151	K1ABC W0YNZ RR99
R	1157	1304751	K1ABC J7GP R RR73
R	2415	1304751	K1ABC K4TL R QF22
R	1366	1304811	K1ABC N8FTW IO91
R	598	1304811	K1ABC W0TB R PM95
R	906	1304812	K1ABC V0VP -12
D	J4LK
R	2714	1304872	K1ABC N8FTW PM95
R	2191	1308472	K1ABC J6FH AA00
R	2356	1308472	K1ABC N9FX RR99
R	1001	1308477	K1ABC J7GP EN37
R	1554	1308482	K1ABC K0EE R IO91
R	1670	1308542	K1ABC A1OP RRR
R	716	1308602	W0ON N4LUV FN42
X	1308602
R	1961	1308607	N9FX N5HOJ IO91
R	2782	1312207	K1ABC A2XF R EN37
R	663	1332207	J8RB W9PWV FN42
R	914	1335807	K1ABC W3MHC R FN42
R	1855	1335867	K1ABC K5MWO R AA00
R	2785	1335867	K1ABC V4QSP FN42
R	559	1335927	K1ABC W1ZZ RR99
R	932	1335928	K1ABC N7UA EN37
R	1203	1339528	K1ABC A8TGE FN42
R	2576	1339529	K1ABC V1NJR R QF22
R	1442	1343129	K1ABC N3BPX RR73
R	944	1363129	K1ABC N5HOJ R RR99
R	2870	1363189	K1ABC N9JBD RR73
R	2497	1363189	K1ABC J5NQ AA00
R	1299	1363194	K1ABC V3DUW PM95
R	640	1363199	K1ABC A5ZY R QF22
R	957	1363259	K1ABC W9PWV RR73
R	2093	1363264	K1ABC K5MWO RRR
R	2002	1363324	K1ABC K7WZ R IO91
R	2794	1363329	K1ABC J1AG PM95
R	1011	1363329	K1ABC A2BXJ AA00
R	2734	1363389	V5KH J8RB RR73
R	1619	1363449	K1ABC J3VRL FN42
R	1739	1363454	K1ABC N7UA EN37
R	2622	1363454	K1ABC K8YG QF22
X	1363454
R	1918	1383454	K1ABC K4BYG R EN37
R	757	1387054	K1ABC V5KH PM95
R	780	1387055	K1ABC J8FY R AA00
R	2484	1387055	K1ABC K4BYG RR99
R	1777	1387055	K1ABC N3OU R-12
R	565	1387060	K0EE N8FTW IO91
R	2549	1387120	N5HOJ J8RB RR73
R	456	1390720	W0TB A6LZA AA00
X	1390720
R	1877	1390780	K1ABC N9JBD EN37
R	995	1390780	K1ABC A7VVD IO91
R	1749	1410780	K1ABC W5XBS R-12
R	2538	1410781	K1ABC A6LZA R IO91
R	1529	1410841	K1ABC A8DZZ RRR
R	2468	1410901	K1ABC N9JBD R AA00
R	2664	1410961	K1ABC A8ET EN37
D	A6IQD
R	2028	1414561	K1ABC K5SKS IO91
R	1270	1414562	K1ABC N0CID RR73
R	1575	1414563	K1ABC W0TB PM95
R	2894	1414568	J5NQ J0ZHL FN42
R	562	1414568	K1ABC A7MLB RR73
R	385	1418168	K1ABC V3RH AA00
R	680	1438168	K1ABC W0TB PM95
R	498	1438173	N8FTW N0CID RR73
R	906	1458173	K1ABC A6LZA R EN37
R	1224	1458233	K1ABC K1NHF QF22
R	1039	1458233	K1ABC W0ON PM95
R	2422	1458238	K1ABC N7UA R PM95
R	1748	1458243	K1ABC W0LWQ PM95
R	2332	1458248	K1ABC V8ZI R EN37
R	1982	1458249	K1ABC A6LZA EN37
R	2165	1458254	K1ABC V3TRL QF22
R	1641	1458254	K1ABC V3DUW PM95
R	799	1458259	K1ABC A7VW IO91
R	339	1458319	K1ABC W5XBS EN37
R	1859	1458319	A4IOC J8FY IO91
R	1629	1458320	K1ABC J9VU QF22
R	944	1458325	K1ABC K6RWN EN37
R	1487	1458325	K1ABC K4TL R FN42
R	2789	1458330	V1NJR W3FR IO91
R	2033	1458390	K1ABC A7MLB 73
R	851	1458450	K1ABC W1TJA EN37
R	445	1462050	K1ABC A4IOC FN42
R	1188	1482050	K1ABC V3HFL FN42
R	992	1482110	K1ABC J8BI EN37
R	1477	1502110	K1ABC N7UA 73
R	2125	1502170	K1ABC K7WZ R AA00
L	K1ABC	VK3ABC	QF22
X	900000
R	1500	900001	K1ABC TNEW FN42
R	1500	900002	K1ABC HELLO FN42
R	1500	900003	K1ABC TEST FN42
R	1500	900004	K1ABC AB FN42
R	1500	900005	K1ABC A FN42
R	1500	900006	K1ABC JA1ABCD FN42
R	1500	900007	K1ABC <JA1AB FN42
R	1500	900008	K1ABC 7QQ FN42
R	1500	900009	K1ABC 12345 FN42
R	1500	900010	K1ABC QRZ? FN42
R	1500	900011	K1ABC TNEW-1 FN42
R	1500	900012	K1ABC W1AW FN42
R	1500	900013	K1ABC CQ FN42
R	1500	900014	K1ABC DE FN42
R	1500	900015	K1ABC 1ABC FN42
R	1500	900016	K1ABC W1ABCD FN42
R	1500	900017	K1ABC ZZ9ZZ9 FN42
R	1500	900018	K1ABC B.C/D FN42
R	1500	900019	K1ABC A-B FN42
R	1500	900020	K1ABC X FN42
L	K1ABC	VK3ABC	
L	JA1ABC	VK3ABC	QF22
L	PJ4/K1ABC	VK3ABC	QF22
L	W1AW/P	VK3ABC	QF22
L	K1ABCDEFGHIJ	VK3ABC	QF22
L	K1ABC	HELLO	FN42
