# PSK Reporter IPFIX cases for scripts/pskreporter/ipfix_oracle.cpp (P params, R receiver, S spot, GO build)
P	udp	1	17	23	29
R	K1ABC	FN20	mfsk-skimmer 0.13.1	N/A	N/A
S	K1ABC	FN21	-10	14074000	FT8	1778068800
GO
P	udp	0	17	23	29
R	K1ABC	FN20	mfsk-skimmer 0.13.1	N/A	N/A
S	K1ABC	FN21	-10	14074000	FT8	1778068800
GO
P	udp	1	44	23	29
R	K1ABC	FN20	mfsk-skimmer 0.13.1	N/A	N/A
GO
P	udp	0	44	23	29
R	K1ABC	FN20	mfsk-skimmer 0.13.1	N/A	N/A
GO
P	udp	1	100	23	29
R	K1ABC	FN20	mfsk-skimmer 0.13.1	N/A	N/A
S	K0ABC	FN21	-10	14074000	FT8	1778068800
S	K1ABC	FN21	-10	14074001	FT8	1778068800
S	K2ABC	FN21	-10	14074002	FT8	1778068800
S	K3ABC	FN21	-10	14074003	FT8	1778068800
S	K4ABC	FN21	-10	14074004	FT8	1778068800
S	K5ABC	FN21	-10	14074005	FT8	1778068800
S	K6ABC	FN21	-10	14074006	FT8	1778068800
S	K7ABC	FN21	-10	14074007	FT8	1778068800
S	K8ABC	FN21	-10	14074008	FT8	1778068800
S	K9ABC	FN21	-10	14074009	FT8	1778068800
S	K10ABC	FN21	-10	14074010	FT8	1778068800
S	K11ABC	FN21	-10	14074011	FT8	1778068800
S	K12ABC	FN21	-10	14074012	FT8	1778068800
S	K13ABC	FN21	-10	14074013	FT8	1778068800
S	K14ABC	FN21	-10	14074014	FT8	1778068800
S	K15ABC	FN21	-10	14074015	FT8	1778068800
S	K16ABC	FN21	-10	14074016	FT8	1778068800
S	K17ABC	FN21	-10	14074017	FT8	1778068800
S	K18ABC	FN21	-10	14074018	FT8	1778068800
S	K19ABC	FN21	-10	14074019	FT8	1778068800
S	K20ABC	FN21	-10	14074020	FT8	1778068800
S	K21ABC	FN21	-10	14074021	FT8	1778068800
S	K22ABC	FN21	-10	14074022	FT8	1778068800
S	K23ABC	FN21	-10	14074023	FT8	1778068800
S	K24ABC	FN21	-10	14074024	FT8	1778068800
S	K25ABC	FN21	-10	14074025	FT8	1778068800
S	K26ABC	FN21	-10	14074026	FT8	1778068800
S	K27ABC	FN21	-10	14074027	FT8	1778068800
S	K28ABC	FN21	-10	14074028	FT8	1778068800
S	K29ABC	FN21	-10	14074029	FT8	1778068800
S	K30ABC	FN21	-10	14074030	FT8	1778068800
S	K31ABC	FN21	-10	14074031	FT8	1778068800
S	K32ABC	FN21	-10	14074032	FT8	1778068800
S	K33ABC	FN21	-10	14074033	FT8	1778068800
S	K34ABC	FN21	-10	14074034	FT8	1778068800
S	K35ABC	FN21	-10	14074035	FT8	1778068800
S	K36ABC	FN21	-10	14074036	FT8	1778068800
S	K37ABC	FN21	-10	14074037	FT8	1778068800
S	K38ABC	FN21	-10	14074038	FT8	1778068800
S	K39ABC	FN21	-10	14074039	FT8	1778068800
S	K40ABC	FN21	-10	14074040	FT8	1778068800
S	K41ABC	FN21	-10	14074041	FT8	1778068800
S	K42ABC	FN21	-10	14074042	FT8	1778068800
S	K43ABC	FN21	-10	14074043	FT8	1778068800
S	K44ABC	FN21	-10	14074044	FT8	1778068800
S	K45ABC	FN21	-10	14074045	FT8	1778068800
S	K46ABC	FN21	-10	14074046	FT8	1778068800
S	K47ABC	FN21	-10	14074047	FT8	1778068800
S	K48ABC	FN21	-10	14074048	FT8	1778068800
S	K49ABC	FN21	-10	14074049	FT8	1778068800
S	K50ABC	FN21	-10	14074050	FT8	1778068800
S	K51ABC	FN21	-10	14074051	FT8	1778068800
S	K52ABC	FN21	-10	14074052	FT8	1778068800
S	K53ABC	FN21	-10	14074053	FT8	1778068800
S	K54ABC	FN21	-10	14074054	FT8	1778068800
S	K55ABC	FN21	-10	14074055	FT8	1778068800
S	K56ABC	FN21	-10	14074056	FT8	1778068800
S	K57ABC	FN21	-10	14074057	FT8	1778068800
S	K58ABC	FN21	-10	14074058	FT8	1778068800
S	K59ABC	FN21	-10	14074059	FT8	1778068800
S	K60ABC	FN21	-10	14074060	FT8	1778068800
S	K61ABC	FN21	-10	14074061	FT8	1778068800
S	K62ABC	FN21	-10	14074062	FT8	1778068800
S	K63ABC	FN21	-10	14074063	FT8	1778068800
S	K64ABC	FN21	-10	14074064	FT8	1778068800
S	K65ABC	FN21	-10	14074065	FT8	1778068800
S	K66ABC	FN21	-10	14074066	FT8	1778068800
S	K67ABC	FN21	-10	14074067	FT8	1778068800
S	K68ABC	FN21	-10	14074068	FT8	1778068800
S	K69ABC	FN21	-10	14074069	FT8	1778068800
S	K70ABC	FN21	-10	14074070	FT8	1778068800
S	K71ABC	FN21	-10	14074071	FT8	1778068800
S	K72ABC	FN21	-10	14074072	FT8	1778068800
S	K73ABC	FN21	-10	14074073	FT8	1778068800
S	K74ABC	FN21	-10	14074074	FT8	1778068800
S	K75ABC	FN21	-10	14074075	FT8	1778068800
S	K76ABC	FN21	-10	14074076	FT8	1778068800
S	K77ABC	FN21	-10	14074077	FT8	1778068800
S	K78ABC	FN21	-10	14074078	FT8	1778068800
S	K79ABC	FN21	-10	14074079	FT8	1778068800
S	K80ABC	FN21	-10	14074080	FT8	1778068800
S	K81ABC	FN21	-10	14074081	FT8	1778068800
S	K82ABC	FN21	-10	14074082	FT8	1778068800
S	K83ABC	FN21	-10	14074083	FT8	1778068800
S	K84ABC	FN21	-10	14074084	FT8	1778068800
S	K85ABC	FN21	-10	14074085	FT8	1778068800
S	K86ABC	FN21	-10	14074086	FT8	1778068800
S	K87ABC	FN21	-10	14074087	FT8	1778068800
S	K88ABC	FN21	-10	14074088	FT8	1778068800
S	K89ABC	FN21	-10	14074089	FT8	1778068800
S	K90ABC	FN21	-10	14074090	FT8	1778068800
S	K91ABC	FN21	-10	14074091	FT8	1778068800
S	K92ABC	FN21	-10	14074092	FT8	1778068800
S	K93ABC	FN21	-10	14074093	FT8	1778068800
S	K94ABC	FN21	-10	14074094	FT8	1778068800
S	K95ABC	FN21	-10	14074095	FT8	1778068800
S	K96ABC	FN21	-10	14074096	FT8	1778068800
S	K97ABC	FN21	-10	14074097	FT8	1778068800
S	K98ABC	FN21	-10	14074098	FT8	1778068800
S	K99ABC	FN21	-10	14074099	FT8	1778068800
S	K100ABC	FN21	-10	14074100	FT8	1778068800
S	K101ABC	FN21	-10	14074101	FT8	1778068800
S	K102ABC	FN21	-10	14074102	FT8	1778068800
S	K103ABC	FN21	-10	14074103	FT8	1778068800
S	K104ABC	FN21	-10	14074104	FT8	1778068800
S	K105ABC	FN21	-10	14074105	FT8	1778068800
S	K106ABC	FN21	-10	14074106	FT8	1778068800
S	K107ABC	FN21	-10	14074107	FT8	1778068800
S	K108ABC	FN21	-10	14074108	FT8	1778068800
S	K109ABC	FN21	-10	14074109	FT8	1778068800
S	K110ABC	FN21	-10	14074110	FT8	1778068800
S	K111ABC	FN21	-10	14074111	FT8	1778068800
S	K112ABC	FN21	-10	14074112	FT8	1778068800
S	K113ABC	FN21	-10	14074113	FT8	1778068800
S	K114ABC	FN21	-10	14074114	FT8	1778068800
S	K115ABC	FN21	-10	14074115	FT8	1778068800
S	K116ABC	FN21	-10	14074116	FT8	1778068800
S	K117ABC	FN21	-10	14074117	FT8	1778068800
S	K118ABC	FN21	-10	14074118	FT8	1778068800
S	K119ABC	FN21	-10	14074119	FT8	1778068800
S	K120ABC	FN21	-10	14074120	FT8	1778068800
S	K121ABC	FN21	-10	14074121	FT8	1778068800
S	K122ABC	FN21	-10	14074122	FT8	1778068800
S	K123ABC	FN21	-10	14074123	FT8	1778068800
S	K124ABC	FN21	-10	14074124	FT8	1778068800
S	K125ABC	FN21	-10	14074125	FT8	1778068800
S	K126ABC	FN21	-10	14074126	FT8	1778068800
S	K127ABC	FN21	-10	14074127	FT8	1778068800
S	K128ABC	FN21	-10	14074128	FT8	1778068800
S	K129ABC	FN21	-10	14074129	FT8	1778068800
S	K130ABC	FN21	-10	14074130	FT8	1778068800
S	K131ABC	FN21	-10	14074131	FT8	1778068800
S	K132ABC	FN21	-10	14074132	FT8	1778068800
S	K133ABC	FN21	-10	14074133	FT8	1778068800
S	K134ABC	FN21	-10	14074134	FT8	1778068800
S	K135ABC	FN21	-10	14074135	FT8	1778068800
S	K136ABC	FN21	-10	14074136	FT8	1778068800
S	K137ABC	FN21	-10	14074137	FT8	1778068800
S	K138ABC	FN21	-10	14074138	FT8	1778068800
S	K139ABC	FN21	-10	14074139	FT8	1778068800
S	K140ABC	FN21	-10	14074140	FT8	1778068800
S	K141ABC	FN21	-10	14074141	FT8	1778068800
S	K142ABC	FN21	-10	14074142	FT8	1778068800
S	K143ABC	FN21	-10	14074143	FT8	1778068800
S	K144ABC	FN21	-10	14074144	FT8	1778068800
S	K145ABC	FN21	-10	14074145	FT8	1778068800
S	K146ABC	FN21	-10	14074146	FT8	1778068800
S	K147ABC	FN21	-10	14074147	FT8	1778068800
S	K148ABC	FN21	-10	14074148	FT8	1778068800
S	K149ABC	FN21	-10	14074149	FT8	1778068800
S	K150ABC	FN21	-10	14074150	FT8	1778068800
S	K151ABC	FN21	-10	14074151	FT8	1778068800
S	K152ABC	FN21	-10	14074152	FT8	1778068800
S	K153ABC	FN21	-10	14074153	FT8	1778068800
S	K154ABC	FN21	-10	14074154	FT8	1778068800
S	K155ABC	FN21	-10	14074155	FT8	1778068800
S	K156ABC	FN21	-10	14074156	FT8	1778068800
S	K157ABC	FN21	-10	14074157	FT8	1778068800
S	K158ABC	FN21	-10	14074158	FT8	1778068800
S	K159ABC	FN21	-10	14074159	FT8	1778068800
S	K160ABC	FN21	-10	14074160	FT8	1778068800
S	K161ABC	FN21	-10	14074161	FT8	1778068800
S	K162ABC	FN21	-10	14074162	FT8	1778068800
S	K163ABC	FN21	-10	14074163	FT8	1778068800
S	K164ABC	FN21	-10	14074164	FT8	1778068800
S	K165ABC	FN21	-10	14074165	FT8	1778068800
S	K166ABC	FN21	-10	14074166	FT8	1778068800
S	K167ABC	FN21	-10	14074167	FT8	1778068800
S	K168ABC	FN21	-10	14074168	FT8	1778068800
S	K169ABC	FN21	-10	14074169	FT8	1778068800
S	K170ABC	FN21	-10	14074170	FT8	1778068800
S	K171ABC	FN21	-10	14074171	FT8	1778068800
S	K172ABC	FN21	-10	14074172	FT8	1778068800
S	K173ABC	FN21	-10	14074173	FT8	1778068800
S	K174ABC	FN21	-10	14074174	FT8	1778068800
S	K175ABC	FN21	-10	14074175	FT8	1778068800
S	K176ABC	FN21	-10	14074176	FT8	1778068800
S	K177ABC	FN21	-10	14074177	FT8	1778068800
S	K178ABC	FN21	-10	14074178	FT8	1778068800
S	K179ABC	FN21	-10	14074179	FT8	1778068800
S	K180ABC	FN21	-10	14074180	FT8	1778068800
S	K181ABC	FN21	-10	14074181	FT8	1778068800
S	K182ABC	FN21	-10	14074182	FT8	1778068800
S	K183ABC	FN21	-10	14074183	FT8	1778068800
S	K184ABC	FN21	-10	14074184	FT8	1778068800
S	K185ABC	FN21	-10	14074185	FT8	1778068800
S	K186ABC	FN21	-10	14074186	FT8	1778068800
S	K187ABC	FN21	-10	14074187	FT8	1778068800
S	K188ABC	FN21	-10	14074188	FT8	1778068800
S	K189ABC	FN21	-10	14074189	FT8	1778068800
S	K190ABC	FN21	-10	14074190	FT8	1778068800
S	K191ABC	FN21	-10	14074191	FT8	1778068800
S	K192ABC	FN21	-10	14074192	FT8	1778068800
S	K193ABC	FN21	-10	14074193	FT8	1778068800
S	K194ABC	FN21	-10	14074194	FT8	1778068800
S	K195ABC	FN21	-10	14074195	FT8	1778068800
S	K196ABC	FN21	-10	14074196	FT8	1778068800
S	K197ABC	FN21	-10	14074197	FT8	1778068800
S	K198ABC	FN21	-10	14074198	FT8	1778068800
S	K199ABC	FN21	-10	14074199	FT8	1778068800
GO
P	tcp	1	100	23	29
R	K1ABC	FN20	mfsk-skimmer 0.13.1	N/A	N/A
S	K0ABC	FN21	-10	14074000	FT8	1778068800
S	K1ABC	FN21	-10	14074001	FT8	1778068800
S	K2ABC	FN21	-10	14074002	FT8	1778068800
S	K3ABC	FN21	-10	14074003	FT8	1778068800
S	K4ABC	FN21	-10	14074004	FT8	1778068800
S	K5ABC	FN21	-10	14074005	FT8	1778068800
S	K6ABC	FN21	-10	14074006	FT8	1778068800
S	K7ABC	FN21	-10	14074007	FT8	1778068800
S	K8ABC	FN21	-10	14074008	FT8	1778068800
S	K9ABC	FN21	-10	14074009	FT8	1778068800
S	K10ABC	FN21	-10	14074010	FT8	1778068800
S	K11ABC	FN21	-10	14074011	FT8	1778068800
S	K12ABC	FN21	-10	14074012	FT8	1778068800
S	K13ABC	FN21	-10	14074013	FT8	1778068800
S	K14ABC	FN21	-10	14074014	FT8	1778068800
S	K15ABC	FN21	-10	14074015	FT8	1778068800
S	K16ABC	FN21	-10	14074016	FT8	1778068800
S	K17ABC	FN21	-10	14074017	FT8	1778068800
S	K18ABC	FN21	-10	14074018	FT8	1778068800
S	K19ABC	FN21	-10	14074019	FT8	1778068800
S	K20ABC	FN21	-10	14074020	FT8	1778068800
S	K21ABC	FN21	-10	14074021	FT8	1778068800
S	K22ABC	FN21	-10	14074022	FT8	1778068800
S	K23ABC	FN21	-10	14074023	FT8	1778068800
S	K24ABC	FN21	-10	14074024	FT8	1778068800
S	K25ABC	FN21	-10	14074025	FT8	1778068800
S	K26ABC	FN21	-10	14074026	FT8	1778068800
S	K27ABC	FN21	-10	14074027	FT8	1778068800
S	K28ABC	FN21	-10	14074028	FT8	1778068800
S	K29ABC	FN21	-10	14074029	FT8	1778068800
S	K30ABC	FN21	-10	14074030	FT8	1778068800
S	K31ABC	FN21	-10	14074031	FT8	1778068800
S	K32ABC	FN21	-10	14074032	FT8	1778068800
S	K33ABC	FN21	-10	14074033	FT8	1778068800
S	K34ABC	FN21	-10	14074034	FT8	1778068800
S	K35ABC	FN21	-10	14074035	FT8	1778068800
S	K36ABC	FN21	-10	14074036	FT8	1778068800
S	K37ABC	FN21	-10	14074037	FT8	1778068800
S	K38ABC	FN21	-10	14074038	FT8	1778068800
S	K39ABC	FN21	-10	14074039	FT8	1778068800
S	K40ABC	FN21	-10	14074040	FT8	1778068800
S	K41ABC	FN21	-10	14074041	FT8	1778068800
S	K42ABC	FN21	-10	14074042	FT8	1778068800
S	K43ABC	FN21	-10	14074043	FT8	1778068800
S	K44ABC	FN21	-10	14074044	FT8	1778068800
S	K45ABC	FN21	-10	14074045	FT8	1778068800
S	K46ABC	FN21	-10	14074046	FT8	1778068800
S	K47ABC	FN21	-10	14074047	FT8	1778068800
S	K48ABC	FN21	-10	14074048	FT8	1778068800
S	K49ABC	FN21	-10	14074049	FT8	1778068800
S	K50ABC	FN21	-10	14074050	FT8	1778068800
S	K51ABC	FN21	-10	14074051	FT8	1778068800
S	K52ABC	FN21	-10	14074052	FT8	1778068800
S	K53ABC	FN21	-10	14074053	FT8	1778068800
S	K54ABC	FN21	-10	14074054	FT8	1778068800
S	K55ABC	FN21	-10	14074055	FT8	1778068800
S	K56ABC	FN21	-10	14074056	FT8	1778068800
S	K57ABC	FN21	-10	14074057	FT8	1778068800
S	K58ABC	FN21	-10	14074058	FT8	1778068800
S	K59ABC	FN21	-10	14074059	FT8	1778068800
S	K60ABC	FN21	-10	14074060	FT8	1778068800
S	K61ABC	FN21	-10	14074061	FT8	1778068800
S	K62ABC	FN21	-10	14074062	FT8	1778068800
S	K63ABC	FN21	-10	14074063	FT8	1778068800
S	K64ABC	FN21	-10	14074064	FT8	1778068800
S	K65ABC	FN21	-10	14074065	FT8	1778068800
S	K66ABC	FN21	-10	14074066	FT8	1778068800
S	K67ABC	FN21	-10	14074067	FT8	1778068800
S	K68ABC	FN21	-10	14074068	FT8	1778068800
S	K69ABC	FN21	-10	14074069	FT8	1778068800
S	K70ABC	FN21	-10	14074070	FT8	1778068800
S	K71ABC	FN21	-10	14074071	FT8	1778068800
S	K72ABC	FN21	-10	14074072	FT8	1778068800
S	K73ABC	FN21	-10	14074073	FT8	1778068800
S	K74ABC	FN21	-10	14074074	FT8	1778068800
S	K75ABC	FN21	-10	14074075	FT8	1778068800
S	K76ABC	FN21	-10	14074076	FT8	1778068800
S	K77ABC	FN21	-10	14074077	FT8	1778068800
S	K78ABC	FN21	-10	14074078	FT8	1778068800
S	K79ABC	FN21	-10	14074079	FT8	1778068800
S	K80ABC	FN21	-10	14074080	FT8	1778068800
S	K81ABC	FN21	-10	14074081	FT8	1778068800
S	K82ABC	FN21	-10	14074082	FT8	1778068800
S	K83ABC	FN21	-10	14074083	FT8	1778068800
S	K84ABC	FN21	-10	14074084	FT8	1778068800
S	K85ABC	FN21	-10	14074085	FT8	1778068800
S	K86ABC	FN21	-10	14074086	FT8	1778068800
S	K87ABC	FN21	-10	14074087	FT8	1778068800
S	K88ABC	FN21	-10	14074088	FT8	1778068800
S	K89ABC	FN21	-10	14074089	FT8	1778068800
S	K90ABC	FN21	-10	14074090	FT8	1778068800
S	K91ABC	FN21	-10	14074091	FT8	1778068800
S	K92ABC	FN21	-10	14074092	FT8	1778068800
S	K93ABC	FN21	-10	14074093	FT8	1778068800
S	K94ABC	FN21	-10	14074094	FT8	1778068800
S	K95ABC	FN21	-10	14074095	FT8	1778068800
S	K96ABC	FN21	-10	14074096	FT8	1778068800
S	K97ABC	FN21	-10	14074097	FT8	1778068800
S	K98ABC	FN21	-10	14074098	FT8	1778068800
S	K99ABC	FN21	-10	14074099	FT8	1778068800
S	K100ABC	FN21	-10	14074100	FT8	1778068800
S	K101ABC	FN21	-10	14074101	FT8	1778068800
S	K102ABC	FN21	-10	14074102	FT8	1778068800
S	K103ABC	FN21	-10	14074103	FT8	1778068800
S	K104ABC	FN21	-10	14074104	FT8	1778068800
S	K105ABC	FN21	-10	14074105	FT8	1778068800
S	K106ABC	FN21	-10	14074106	FT8	1778068800
S	K107ABC	FN21	-10	14074107	FT8	1778068800
S	K108ABC	FN21	-10	14074108	FT8	1778068800
S	K109ABC	FN21	-10	14074109	FT8	1778068800
S	K110ABC	FN21	-10	14074110	FT8	1778068800
S	K111ABC	FN21	-10	14074111	FT8	1778068800
S	K112ABC	FN21	-10	14074112	FT8	1778068800
S	K113ABC	FN21	-10	14074113	FT8	1778068800
S	K114ABC	FN21	-10	14074114	FT8	1778068800
S	K115ABC	FN21	-10	14074115	FT8	1778068800
S	K116ABC	FN21	-10	14074116	FT8	1778068800
S	K117ABC	FN21	-10	14074117	FT8	1778068800
S	K118ABC	FN21	-10	14074118	FT8	1778068800
S	K119ABC	FN21	-10	14074119	FT8	1778068800
S	K120ABC	FN21	-10	14074120	FT8	1778068800
S	K121ABC	FN21	-10	14074121	FT8	1778068800
S	K122ABC	FN21	-10	14074122	FT8	1778068800
S	K123ABC	FN21	-10	14074123	FT8	1778068800
S	K124ABC	FN21	-10	14074124	FT8	1778068800
S	K125ABC	FN21	-10	14074125	FT8	1778068800
S	K126ABC	FN21	-10	14074126	FT8	1778068800
S	K127ABC	FN21	-10	14074127	FT8	1778068800
S	K128ABC	FN21	-10	14074128	FT8	1778068800
S	K129ABC	FN21	-10	14074129	FT8	1778068800
S	K130ABC	FN21	-10	14074130	FT8	1778068800
S	K131ABC	FN21	-10	14074131	FT8	1778068800
S	K132ABC	FN21	-10	14074132	FT8	1778068800
S	K133ABC	FN21	-10	14074133	FT8	1778068800
S	K134ABC	FN21	-10	14074134	FT8	1778068800
S	K135ABC	FN21	-10	14074135	FT8	1778068800
S	K136ABC	FN21	-10	14074136	FT8	1778068800
S	K137ABC	FN21	-10	14074137	FT8	1778068800
S	K138ABC	FN21	-10	14074138	FT8	1778068800
S	K139ABC	FN21	-10	14074139	FT8	1778068800
S	K140ABC	FN21	-10	14074140	FT8	1778068800
S	K141ABC	FN21	-10	14074141	FT8	1778068800
S	K142ABC	FN21	-10	14074142	FT8	1778068800
S	K143ABC	FN21	-10	14074143	FT8	1778068800
S	K144ABC	FN21	-10	14074144	FT8	1778068800
S	K145ABC	FN21	-10	14074145	FT8	1778068800
S	K146ABC	FN21	-10	14074146	FT8	1778068800
S	K147ABC	FN21	-10	14074147	FT8	1778068800
S	K148ABC	FN21	-10	14074148	FT8	1778068800
S	K149ABC	FN21	-10	14074149	FT8	1778068800
S	K150ABC	FN21	-10	14074150	FT8	1778068800
S	K151ABC	FN21	-10	14074151	FT8	1778068800
S	K152ABC	FN21	-10	14074152	FT8	1778068800
S	K153ABC	FN21	-10	14074153	FT8	1778068800
S	K154ABC	FN21	-10	14074154	FT8	1778068800
S	K155ABC	FN21	-10	14074155	FT8	1778068800
S	K156ABC	FN21	-10	14074156	FT8	1778068800
S	K157ABC	FN21	-10	14074157	FT8	1778068800
S	K158ABC	FN21	-10	14074158	FT8	1778068800
S	K159ABC	FN21	-10	14074159	FT8	1778068800
S	K160ABC	FN21	-10	14074160	FT8	1778068800
S	K161ABC	FN21	-10	14074161	FT8	1778068800
S	K162ABC	FN21	-10	14074162	FT8	1778068800
S	K163ABC	FN21	-10	14074163	FT8	1778068800
S	K164ABC	FN21	-10	14074164	FT8	1778068800
S	K165ABC	FN21	-10	14074165	FT8	1778068800
S	K166ABC	FN21	-10	14074166	FT8	1778068800
S	K167ABC	FN21	-10	14074167	FT8	1778068800
S	K168ABC	FN21	-10	14074168	FT8	1778068800
S	K169ABC	FN21	-10	14074169	FT8	1778068800
S	K170ABC	FN21	-10	14074170	FT8	1778068800
S	K171ABC	FN21	-10	14074171	FT8	1778068800
S	K172ABC	FN21	-10	14074172	FT8	1778068800
S	K173ABC	FN21	-10	14074173	FT8	1778068800
S	K174ABC	FN21	-10	14074174	FT8	1778068800
S	K175ABC	FN21	-10	14074175	FT8	1778068800
S	K176ABC	FN21	-10	14074176	FT8	1778068800
S	K177ABC	FN21	-10	14074177	FT8	1778068800
S	K178ABC	FN21	-10	14074178	FT8	1778068800
S	K179ABC	FN21	-10	14074179	FT8	1778068800
S	K180ABC	FN21	-10	14074180	FT8	1778068800
S	K181ABC	FN21	-10	14074181	FT8	1778068800
S	K182ABC	FN21	-10	14074182	FT8	1778068800
S	K183ABC	FN21	-10	14074183	FT8	1778068800
S	K184ABC	FN21	-10	14074184	FT8	1778068800
S	K185ABC	FN21	-10	14074185	FT8	1778068800
S	K186ABC	FN21	-10	14074186	FT8	1778068800
S	K187ABC	FN21	-10	14074187	FT8	1778068800
S	K188ABC	FN21	-10	14074188	FT8	1778068800
S	K189ABC	FN21	-10	14074189	FT8	1778068800
S	K190ABC	FN21	-10	14074190	FT8	1778068800
S	K191ABC	FN21	-10	14074191	FT8	1778068800
S	K192ABC	FN21	-10	14074192	FT8	1778068800
S	K193ABC	FN21	-10	14074193	FT8	1778068800
S	K194ABC	FN21	-10	14074194	FT8	1778068800
S	K195ABC	FN21	-10	14074195	FT8	1778068800
S	K196ABC	FN21	-10	14074196	FT8	1778068800
S	K197ABC	FN21	-10	14074197	FT8	1778068800
S	K198ABC	FN21	-10	14074198	FT8	1778068800
S	K199ABC	FN21	-10	14074199	FT8	1778068800
GO
P	udp	1	1	2	3
R	{rep:300:ø}	{rep:300:ø}	{rep:300:ø}	{rep:300:ø}	{rep:300:ø}
S	{rep:300:ø}	{rep:300:ø}	-1	50313000	{rep:300:ø}	1778068800
GO
P	udp	1	1	2	3
R	{rep:40:ab}	{rep:20:x}	{rep:100:é}	{rep:130:z}	{rep:131:ö}
S	{rep:33:A}	{rep:17:B}	0	1	{rep:17:C}	1778068800
GO
P	udp	1	4294967295	4294967295	4294967295
R	K1ABC	FN20	mfsk-skimmer 0.13.1	N/A	N/A
S	W1AW	FN31	-128	14074000	FT8	1778068800
S	W1AW	FN31	-127	14074000	FT8	1778068800
S	W1AW	FN31	-1	14074000	FT8	1778068800
S	W1AW	FN31	0	14074000	FT8	1778068800
S	W1AW	FN31	1	14074000	FT8	1778068800
S	W1AW	FN31	127	14074000	FT8	1778068800
S	W1AW	FN31	128	14074000	FT8	1778068800
S	W1AW	FN31	200	14074000	FT8	1778068800
S	W1AW	FN31	-200	14074000	FT8	1778068800
S	W1AW	FN31	-5	0	FT4	1778068800
S	W1AW	FN31	-5	1	FT4	1778068800
S	W1AW	FN31	-5	4294967295	FT4	1778068800
S	W1AW	FN31	-5	4294967296	FT4	1778068800
S	W1AW	FN31	-5	1099511627775	FT4	1778068800
S	W1AW	FN31	-5	5000000000	FT4	1778068800
S	W1AW	FN31	-5	14080000	JTTY	0
S	W1AW	FN31	-5	14080000	JTTY	1
S	W1AW	FN31	-5	14080000	JTTY	2147483647
S	W1AW	FN31	-5	14080000	JTTY	4294967295
S	W1AW	FN31	-5	14080000	JTTY	4294967296
S	W1AW	FN31	-5	14080000	JTTY	1778068800
GO
P	udp	1	5	6	7
R	JA1ABC/P	PM95qm	mfsk-skimmer 0.13.1	3-el yagi	Airspy HF+ via SpyServer
S	VK3NV/P	QF22	-23	7074000	FT8	1778068800
S	VK3NV/P	QF22	-23	7074000	FT4	1778068800
S	VK3NV/P	QF22	-23	7074000	FST4	1778068800
S	VK3NV/P	QF22	-23	7074000	JT9	1778068800
S	VK3NV/P	QF22	-23	7074000	JT65	1778068800
S	VK3NV/P	QF22	-23	7074000	Q65	1778068800
S	VK3NV/P	QF22	-23	7074000	JTTY	1778068800
S	VK3NV/P	QF22	-23	7074000	MSK144	1778068800
S			-9	7074000	FT8	1778068800
S	3DA0RS		-9	7074000	FT8	1778068800
GO
P	udp	0	810350176	864553041	3739831929
R	K1ABC	FN20	mfsk-skimmer 0.13.1	N/A	N/A
S	F09W8	QF22qh	5	147789269	JT65	1778104521
GO
P	tcp	0	899114045	2048531298	2011802006
R	K1ABC	FN20	mfsk-skimmer 0.13.1	N/A	N/A
S	D1ZPG		23	128373334	Q65	1778128930
GO
P	udp	1	2784620277	2601733096	1787646850
R	K1ABC	FN20	mfsk-skimmer 0.13.1	N/A	N/A
S	PUO83SLHC	PM95	4	51737859	JT65	1778128124
S	ODX1ZY9LNRTN	FN42	28	61870913	FT8	1778100268
GO
P	tcp	1	2234038564	768266863	1498165571
R	K1ABC	FN20	mfsk-skimmer 0.13.1	N/A	N/A
S	LXZC4		-7	145592784	Q65	1777980411
S	T/LSY32K	FN42	-27	19459820	JTTY	1778167021
GO
P	udp	1	3292185118	626772094	2202442298
R	K1ABC	FN20	mfsk-skimmer 0.13.1	N/A	N/A
S	PJR834A	FN42	22	144971611	FT8	1777982471
S	LOAX5LLNYC6	PM95	5	59710631	Q65	1778149783
S	AVJ4UTVHQFLYE	PM95	-14	22992543	FT8	1778130896
GO
P	tcp	0	2075199026	499353700	2548721197
R	K1ABC	FN20	mfsk-skimmer 0.13.1	N/A	N/A
S	MCOL	IO91xx	21	12926079	FT4	1778032276
S	QYMY	FN42	8	37220702	FT4	1778124801
S	9RSWPS9M4SF/5		-5	42170286	Q65	1778096023
GO
P	udp	1	2437750107	1073373481	3054112848
R	K1ABC	FN20	mfsk-skimmer 0.13.1	N/A	N/A
S	JGW6G37H4		30	32419189	FT8	1778080756
S	386C4/0BRT	IO91xx	-13	73003085	Q65	1777984077
S	E2XYO5JVVJEC	PM95	-27	103459693	Q65	1778083817
S	BOG/4	PM95	26	90212133	JT65	1778062771
S	8NTJYX	IO91xx	30	118058186	JT65	1778002843
S	MP9RQA31SQI2	IO91xx	26	136626890	FT8	1778126839
S	KDMXGC		0	82799640	JT65	1778108958
GO
P	tcp	0	660151076	4064693767	1766769314
R	K1ABC	FN20	mfsk-skimmer 0.13.1	N/A	N/A
S	IKNZ27ZZ		-14	72503216	FT4	1778136922
S	G2AFF71/XHXH	PM95	-21	142490505	FT8	1778026358
S	JO71BR9/IEY	FN42	0	94395928	JTTY	1777983452
S	7YZCGI	QF22qh	-6	6978313	JT65	1778084829
S	LCROL	IO91xx	12	31587791	JT65	1778046336
S	SDW9OKRA074		-21	107707167	Q65	1778100713
S	P0RIG5UZIOX2N	PM95	-28	127495536	FT8	1777981586
GO
P	udp	0	2752469933	1089232934	1326962149
R	K1ABC	FN20	mfsk-skimmer 0.13.1	N/A	N/A
S	F93AP3FNCC	IO91xx	-6	144022454	FT4	1778073300
S	DN9NYHYV9PE	QF22qh	-20	105082693	FT8	1778105327
S	TP3I6J4F9O		21	60506320	Q65	1777973827
S	BMVCBK/9ZEP19	IO91xx	7	105735683	Q65	1777993725
S	T9JDTR9WB3	PM95	3	85663430	JTTY	1778070156
S	VDJZ0	IO91xx	1	97433063	JT65	1778115037
S	ATD	PM95	9	130304149	Q65	1777993293
S	GRNXI5HEJS	FN42	-19	82949547	JTTY	1778149563
S	U6ILFLSBGM	IO91xx	0	2917591	JTTY	1778111625
S	B3907	QF22qh	-27	87964956	JTTY	1778032715
S	/CYI/XDN5	IO91xx	-2	73396819	FT8	1778106623
S	0DVQ5WD6O	PM95	16	97654648	JTTY	1778015874
S	EVG	FN42	-23	102687649	JT65	1778033392
S	LWC6UDDJM7JH	PM95	26	89134973	JT65	1778161570
S	8H2N		-3	71705108	Q65	1778141654
S	DZ86CRFKB1	IO91xx	-26	60167697	JT65	1778014951
S	KHGD	IO91xx	14	7412992	JT65	1778168145
S	OIY0N	PM95	26	88799678	FT8	1778003798
S	T6I91	QF22qh	-24	83958773	FT8	1778086397
GO
P	tcp	1	3691934199	1568730731	2845480113
R	K1ABC	FN20	mfsk-skimmer 0.13.1	N/A	N/A
S	KO18/R	QF22qh	4	66997808	FT4	1778023011
S	43XNG	FN42	15	83568623	FT8	1778120330
S	NR4DKWPKE23	IO91xx	-19	7439023	FT8	1778131310
S	0SLRLB	FN42	21	43556482	FT8	1778035437
S	DLN		-9	36920084	JTTY	1777995723
S	U6WTICSM		23	92725772	JT65	1778013444
S	9ALKVJR01	QF22qh	-16	78497908	JTTY	1778145089
S	6YZ06W2Q3	PM95	20	54902915	Q65	1778106706
S	Y6/LNOXZ1	FN42	29	8310056	FT4	1778137543
S	92V74GZP	IO91xx	-17	34933948	JT65	1778168364
S	MQQ80LU	PM95	-29	73358880	JT65	1778057546
S	N6QQ	QF22qh	-25	113589692	FT8	1777998293
S	EYWCMVRYGY7C	FN42	2	79171082	JT65	1778162258
S	WTK06X8	IO91xx	-8	93984029	FT8	1778034094
S	GO2GR	IO91xx	26	122317306	JT65	1778159566
S	6N64DTT53RA4	PM95	-2	14487619	FT4	1778110717
S	FS12YT3EZ12D	IO91xx	14	111425497	JTTY	1778142894
S	6HT	PM95	24	125480316	JTTY	1778079567
S	XI4H6V9FT	PM95	22	99073853	JT65	1778167546
GO
P	udp	1	3416694660	3574425205	1204048585
R	K1ABC	FN20	mfsk-skimmer 0.13.1	N/A	N/A
S	QLI4I2LQ5535		-23	19835182	FT4	1778102563
S	7C66UF/C/WK8	QF22qh	-5	65989422	JTTY	1778082297
S	LD6	PM95	-6	125042847	FT8	1778085991
S	VF4J0U	IO91xx	-2	6529303	JT65	1778088335
S	0I3LP5913OW	PM95	15	86369675	FT8	1778167168
S	9ZQGQF9GS		-28	104398656	FT8	1778069829
S	A3I0MCHYQ	QF22qh	-7	14169006	Q65	1778130658
S	QCO4X		-27	24153053	JTTY	1778030955
S	BPTYF	IO91xx	-27	40840512	JTTY	1777998228
S	BWPB37IE4J	PM95	-4	113440925	Q65	1778082213
S	EO4P6ER2	IO91xx	7	141854794	JT65	1778146603
S	PM459L	FN42	30	46275911	Q65	1778006785
S	AYS	IO91xx	26	144772631	Q65	1778109966
S	/IGWEMXRNSGC1		-9	109533745	JTTY	1778066311
S	9WT2HU21	QF22qh	28	8030208	Q65	1778082543
S	NWQRN5IE372	PM95	-5	142907550	JT65	1778086119
S	7935	PM95	-21	101203124	FT8	1778078840
S	M2MW	PM95	2	8347481	FT4	1778055071
S	L25SLK82MZ58		-25	142105869	Q65	1778134236
S	N/O4I8Z10		-14	64713030	Q65	1778117917
GO
P	tcp	1	610141093	385056925	403212711
R	K1ABC	FN20	mfsk-skimmer 0.13.1	N/A	N/A
S	FS/VFZ		29	32684644	JTTY	1777974390
S	/T675		14	105305495	Q65	1778098723
S	0L6LS		-18	12327278	JT65	1778021689
S	IRK	QF22qh	21	141166003	FT4	1777988820
S	EOADYPA		-8	42693420	JT65	1778101750
S	BTCCCPB4	FN42	21	22953635	FT4	1777974284
S	HA2	IO91xx	-6	23033464	Q65	1778004324
S	8GYGRWBNR/JOK	FN42	-18	58130645	FT8	1778084900
S	NSL0HY2ANX	QF22qh	-10	62349188	FT4	1778067641
S	GAB/ZNV5E	IO91xx	-19	52015959	Q65	1778060407
S	5WR4LMGXTJAQ	PM95	1	14385588	Q65	1778101077
S	CHIZAKGUM	PM95	18	88863293	FT4	1778132976
S	LKD/900	FN42	14	65084781	FT4	1778064906
S	A357JUQ/	FN42	4	47197871	JT65	1778086487
S	ZKCLPT09KVUNW	IO91xx	-24	129181151	FT4	1777976753
S	P8/FZ	QF22qh	-7	106058814	JT65	1778016053
S	0O89FF	FN42	21	106848723	FT4	1778073947
S	C2W	FN42	-28	36554270	JT65	1778056080
S	50C0	PM95	19	135070818	JTTY	1777991371
S	ULVV	QF22qh	-26	79328905	Q65	1778084771
GO
P	udp	1	579963606	1684007907	3499104766
R	K1ABC	FN20	mfsk-skimmer 0.13.1	N/A	N/A
S	FWNMIP3/M13Y	IO91xx	1	111309102	JTTY	1778042454
S	J/IDNEMB6XB	QF22qh	-16	103477977	Q65	1778163158
S	NHXESCWM	IO91xx	4	25980676	FT4	1778060962
S	70BCZE	PM95	-11	63762849	JTTY	1778166123
S	A1DA4V	PM95	-3	121457306	Q65	1778153461
S	IQDBUB9FW4CGH	QF22qh	-9	30943170	JTTY	1778072681
S	5X4JV	IO91xx	-29	110556402	FT4	1778020709
S	S5SNLPOISO		-26	72704267	FT8	1778051984
S	DV0PIJWM839K	PM95	11	38091282	Q65	1778144291
S	GDZYC6K0JH66Q	PM95	30	42679922	Q65	1778155776
S	YWO9PNV	FN42	7	59037786	FT8	1778124623
S	7M0G	QF22qh	19	137373259	FT8	1778157832
S	N08E39FJVCAQM	IO91xx	-4	45925053	JT65	1778006151
S	VYL5OMSONF2H		15	82365508	JT65	1778086270
S	EC5U9	FN42	20	37295753	JT65	1777977232
S	DSFF4COOU		-6	50536182	JT65	1778088369
S	IQQL4U9VWYJ2	FN42	13	19499927	FT8	1777982801
S	68WBB	FN42	-20	115480784	JT65	1778020189
S	RERAZNBS	IO91xx	-12	131316927	JTTY	1778009473
S	QPI4KUTU9BP3X		-18	22173086	JT65	1778014606
S	H3RRMS41	PM95	27	111259256	Q65	1778114836
GO
P	tcp	0	3502701950	41991023	116403165
R	K1ABC	FN20	mfsk-skimmer 0.13.1	N/A	N/A
S	H3ATH/I1		-11	79894092	FT4	1778125490
S	Y/Y7P2XDLD	QF22qh	-4	147760949	JT65	1777969586
S	4JD7ZH	IO91xx	8	19946849	JTTY	1778049464
S	2TD095LGBU1E		17	62922904	FT4	1778072506
S	M1XHSUVAX	IO91xx	-4	17894371	JT65	1778064237
S	VGI08WFDAAXRM	IO91xx	-27	132689990	JT65	1778115207
S	3HQ855ZMML85	QF22qh	17	96783682	Q65	1778098696
S	K1RMY	PM95	-10	58904322	FT4	1778032151
S	CW6OTCB	QF22qh	-25	74701229	FT8	1778022707
S	FPUTP03	FN42	-30	6119965	Q65	1778087830
S	HUPP2YYFNGU		13	7728328	JT65	1778161483
S	7JTM	IO91xx	7	129109155	FT8	1778154591
S	Q7X9OIMT	QF22qh	-25	52044897	FT8	1778135183
S	444N4/EY		1	26646802	FT4	1778020264
S	E0J	IO91xx	20	32787985	FT4	1778054260
S	X34CRUAKI591A	FN42	-7	37970105	FT8	1778101245
S	M61S7RUIIJH	PM95	-5	101718833	JT65	1778000564
S	FK8UZ9QO	PM95	-8	72570265	FT4	1778051176
S	HDU4JBJN/12BQ		23	61320758	JT65	1777977440
S	F13ERO2K/ENF4		4	102398529	FT4	1778111294
S	LOK8MP8FSHXW	FN42	14	10764732	Q65	1778115961
GO
P	udp	0	2150741498	21593729	3913250907
R	K1ABC	FN20	mfsk-skimmer 0.13.1	N/A	N/A
S	K68JO422	PM95	-24	43980494	Q65	1778125813
S	A8ONHNISKFJWO	IO91xx	12	77591079	JTTY	1778019681
S	C46Z	QF22qh	-11	111510026	JT65	1778079901
S	/9KI8AUP7/133	FN42	-9	133826318	JT65	1778067132
S	XV2JQ60S5TOS	FN42	-9	20928712	JT65	1778095105
S	KJEP3DPQ51		2	23508852	FT8	1778112970
S	8HVDOBI81DG	IO91xx	16	132754652	JT65	1778130521
S	UMCGRB		-26	102338856	FT8	1778064895
S	ZP9RNU3QD7	IO91xx	-8	108662156	JTTY	1777984318
S	RGG6YRQ9S0BI		3	38894669	Q65	1778120881
S	3E0TIMG8L7LM	FN42	16	46991273	JT65	1778031096
S	K6/2HI4G	FN42	-21	59711941	FT8	1777972811
S	3P4UG51GVMW		-27	18408732	Q65	1778096101
S	9PVBEHSYN5	FN42	22	129532724	Q65	1778090579
S	7AE5P	FN42	8	21497682	FT4	1778159528
S	UGD4	QF22qh	-27	95137892	JT65	1778002865
S	9PUGI2TT4		8	129742511	Q65	1778058823
S	2786PG43ECN	IO91xx	-29	120019394	JT65	1778079123
S	DSAOMHZDCATW		15	120731166	FT8	1777982176
S	P746CUA/R	PM95	-3	137155717	Q65	1777990094
S	9RK	IO91xx	-20	26422086	FT4	1778065385
S	F3P94OPBC/X	PM95	25	59307333	Q65	1777994707
S	/F886ZRYH95		-14	96857266	FT8	1778145381
S	8KU	FN42	29	120942657	FT8	1778083659
S	9MUOKOU7WUS73		-13	108388879	FT8	1778066964
S	70TWZZIBY	PM95	13	21508927	FT4	1778124337
S	ND7	QF22qh	14	105403714	FT4	1778096115
S	FKZY1X		23	96343874	Q65	1778144171
S	BWB22ZV	IO91xx	-7	75065253	FT8	1778122804
S	7X7A	IO91xx	-1	109350327	Q65	1777972344
S	MKAP		-7	47490455	JTTY	1778051250
S	3EWNH7MPCUL2	IO91xx	-28	71491410	Q65	1778014723
S	DIN/UK	FN42	14	3163532	FT4	1778091109
S	YS2	FN42	-20	65051928	JT65	1778143275
S	GIFT53	QF22qh	17	8303604	JT65	1778034801
S	22WQK0		10	121098378	JTTY	1778135783
S	ADGKHY0S3EZ5		-19	39358697	JTTY	1778165027
S	2CJXD384		-2	62798748	JTTY	1778071053
S	W5XKJFFNH2	QF22qh	18	124912985	FT8	1778149146
S	8Z82T	QF22qh	-3	114938900	FT4	1777978905
S	KG1G58/6BLB0	QF22qh	27	66774027	FT8	1778026106
S	37IEN9/N75	IO91xx	21	71015261	FT8	1778024101
S	M55IH1DYVLXS	PM95	-20	38358150	JTTY	1778101696
S	E95GEJ1N3DJA	FN42	-30	98234619	JTTY	1778033986
S	HRLMSC5ZEAH	IO91xx	-18	140958385	JT65	1778154622
S	F0TO4PS	PM95	18	124001255	JTTY	1778132879
S	G3AY2J1	FN42	8	63235087	FT8	1778077929
S	VJV1IMWGK65T1		-20	43906900	FT4	1777985859
S	5FMCMRWS666S	QF22qh	-25	124829861	JTTY	1778136979
S	FAU33P0	FN42	-5	70486926	FT8	1778098400
S	XKDWJIXH	QF22qh	14	112797446	Q65	1778098514
S	/J9	IO91xx	20	12780437	FT4	1778043839
S	UQP	FN42	1	82978335	Q65	1777990483
S	SSV	QF22qh	-14	35894355	JTTY	1778027251
S	23R	PM95	-28	143953623	JTTY	1778043287
S	6/T661I	PM95	-17	142426204	JTTY	1778093483
S	9KZOF2KNYNF		-30	5852903	Q65	1778117213
S	IOA8P93U9ZO	FN42	27	4041749	FT8	1777968935
S	H598145J	PM95	14	52330071	FT4	1777973078
S	T1MQBWB8		15	56237836	Q65	1778118281
GO
P	tcp	1	1091454897	1001787180	524955449
R	K1ABC	FN20	mfsk-skimmer 0.13.1	N/A	N/A
S	9WU7	IO91xx	27	128466646	FT4	1778055523
S	HINTLIYSYF		1	32546677	JTTY	1778089945
S	7JVELK8L	FN42	26	10592952	JTTY	1778055247
S	RZB0J0NA6KG4		22	107701339	FT8	1778105597
S	BDZI1XOHX1B	QF22qh	1	3805052	JTTY	1777991495
S	M84UZY0	QF22qh	-2	51971341	JT65	1778139248
S	970E7CYTGGT	PM95	27	58864097	FT8	1778150897
S	7MX1X9I	QF22qh	19	93383627	FT8	1778128832
S	OU6WX	QF22qh	-7	47084768	FT8	1778097888
S	YEC	IO91xx	28	39136898	FT4	1778056220
S	9IA6GO980		-16	51058707	FT4	1778056949
S	CKGTK6BJ5CDU4	FN42	-15	88041356	FT4	1777996881
S	N254	PM95	30	25721071	JT65	1778011971
S	XK315BRUX3R7	QF22qh	-12	74242725	FT8	1778030465
S	KRXTFFS2SM3QJ	IO91xx	14	92791888	FT4	1777990107
S	OG2R3SMZPRQQ	PM95	-22	27145437	JTTY	1778105872
S	851H	IO91xx	26	2577876	FT4	1778114174
S	L5/RRR2U	QF22qh	4	2068450	Q65	1778076910
S	U6Z	IO91xx	-4	27262358	JTTY	1778074738
S	E4K4L5URJ1H5I	IO91xx	2	101908458	JTTY	1778129549
S	U7LZ	QF22qh	12	72334534	JT65	1777981788
S	NFYI6	QF22qh	6	20082152	FT4	1778139961
S	KI6		4	84223187	FT4	1778112955
S	6T12FGCX	FN42	9	123245437	JTTY	1778139782
S	CM9Z14	QF22qh	9	68459552	FT8	1778023520
S	UV3AIUZO/P	IO91xx	5	48830509	FT4	1778146287
S	UKQ52HNH		-25	79598572	FT4	1778016986
S	7CIPCKSW/	FN42	5	88097571	Q65	1778054098
S	LIMVZ	PM95	-19	50934750	JT65	1778163064
S	Q8YNL9PO	FN42	-16	137913336	FT4	1778157625
S	2MJ	PM95	26	135180161	Q65	1778159431
S	8QKY	IO91xx	-14	62187363	JT65	1777993465
S	2RB	IO91xx	-6	41424087	Q65	1777993874
S	J969	IO91xx	28	3561270	FT4	1778063176
S	F95	FN42	6	31112138	FT8	1777976169
S	L0FIV6/9Y	IO91xx	8	121959590	JTTY	1778114529
S	S1H7	QF22qh	5	113719634	FT8	1778167951
S	NMS6TMO106SO	IO91xx	4	99167427	Q65	1778047499
S	QT4WJGJDMC	QF22qh	-9	93049003	JTTY	1778130717
S	5Y/UT93K/1		-6	14429986	Q65	1778030720
S	E9O	QF22qh	6	100068406	FT4	1778060918
S	B3M9S8W5CXY	IO91xx	-11	103444571	Q65	1778057235
S	8KKYH9LFS0RX	FN42	-5	77920368	Q65	1778104523
S	PNV	IO91xx	14	21631836	JTTY	1778021460
S	HW5JNUU41P	FN42	1	15390817	Q65	1777983954
S	030	QF22qh	-6	21896153	JT65	1777986468
S	PN4SKZ7XPQ	QF22qh	25	3836825	JT65	1778006256
S	T0C23X	QF22qh	-26	112748663	JTTY	1778090155
S	G/OINKQ	FN42	17	52052288	FT8	1778061335
S	K2R4QWBWSA/FG	PM95	22	2778090	JTTY	1777980716
S	7DRN	PM95	-12	7658271	Q65	1778071358
S	Q/VBNES4826	PM95	-3	41896369	JTTY	1778069758
S	TBC	FN42	20	101224009	Q65	1778013119
S	AX6ILCKX	QF22qh	-22	50627978	FT4	1778064911
S	NLRRBO2P9		-12	17079423	FT8	1778098360
S	/XV6	IO91xx	29	44069015	JTTY	1778048036
S	KJIARVG	PM95	-20	109606386	FT4	1778118078
S	HJA5OFJG/X	QF22qh	7	69019759	Q65	1777970083
S	LW4TQ1QPU7	PM95	9	83025407	JTTY	1777972151
S	6XS	IO91xx	-13	133222428	FT4	1778097854
GO
P	udp	1	2471802604	319686557	3395620778
R	K1ABC	FN20	mfsk-skimmer 0.13.1	N/A	N/A
S	D1I0RE3	FN42	3	130090167	FT8	1778016500
S	QTWY/SUZVH	PM95	-23	139514554	FT8	1778106278
S	FXPO14D	IO91xx	25	146026812	FT8	1778099474
S	QWLSL48ZPU	PM95	28	59693203	Q65	1778078041
S	03K7JP9E	IO91xx	21	110252387	FT4	1778046348
S	FT0T2E	QF22qh	-6	138465992	Q65	1778166130
S	SKTNP7A	QF22qh	-28	137994567	JTTY	1778128684
S	/XKA	PM95	-9	50300947	Q65	1777975468
S	D0O/G5442F	FN42	5	67641313	Q65	1777990026
S	UAKSB3624NJ33	FN42	3	111750988	JT65	1778137107
S	5LO6OZZIWOGM	PM95	29	88608020	JT65	1778067666
S	ULBGV0NZP7ZU	FN42	14	73347431	Q65	1778084865
S	90SW77QTVYA		-25	46559084	FT8	1778009459
S	4G19/	QF22qh	7	143502290	FT4	1778156565
S	EG5MNTISXWH	FN42	-18	92044509	FT4	1778104264
S	MNL		25	45308237	FT4	1778033331
S	61A		5	120399499	Q65	1777988136
S	VREVBJKMAT	FN42	-28	34546118	FT8	1778157015
S	LWJRD0M1	FN42	-13	58045448	JTTY	1778072764
S	O9S2NHU	QF22qh	20	75413758	FT4	1778041071
S	UVPU5SPD14UFM	PM95	-5	126337875	FT4	1778126266
S	WVBC	FN42	0	101015111	FT8	1778162874
S	IJYKE		21	100638709	Q65	1777991056
S	Q2Y5/ZEEA82Q	PM95	21	87277537	Q65	1778029320
S	1HBAGK	QF22qh	-14	82011575	Q65	1777983836
S	AETI	IO91xx	19	127719876	FT8	1778092865
S	ZK4/V4		-1	8390435	Q65	1778008397
S	SB9SP/78VF		26	65084611	JT65	1778159341
S	3O1PMHH		12	144018056	FT8	1778028321
S	CQ1N	FN42	-5	31779763	JTTY	1778065541
S	VBS		25	86835356	Q65	1778108337
S	OCJ4BC	FN42	-18	3536746	Q65	1778052307
S	XPRRFGKLI40H		-22	89357969	FT4	1778066677
S	WWVUD1ZDR	IO91xx	-30	35872816	FT4	1777993854
S	K9GXMJ/QE0	QF22qh	-13	17486080	JT65	1778020672
S	AWB67	QF22qh	-6	117572325	JTTY	1778082771
S	V2GR3LQ	IO91xx	-15	25047000	Q65	1778018647
S	AREAHBCJTDYPF	IO91xx	2	137260594	Q65	1777983021
S	MFV8KWOYG8TF		18	132916005	Q65	1778047350
S	QRH8	QF22qh	25	74606925	JTTY	1778073136
S	TPHHU3OX0P9	FN42	-8	98813247	FT4	1778109090
S	DNK8IX5Q5V7R	QF22qh	3	120338048	JT65	1778029829
S	MKLMUBZVNJ4/	FN42	17	143323325	FT8	1778047616
S	M/BB3EH	QF22qh	-6	111719092	JTTY	1777975919
S	O317LRF/QJ	PM95	30	88022646	JT65	1778148631
S	5VUH1M	PM95	-20	17643700	FT8	1778031056
S	MTHI	FN42	-25	68103186	FT4	1778013226
S	PK01EJ9VAKLW	PM95	-10	22991879	FT8	1778042279
S	MY5ZKRNGA	FN42	14	16090915	FT8	1778161342
S	U5/V68DT3	PM95	-28	60364009	Q65	1777998685
S	T7P	PM95	-7	113248387	Q65	1777991563
S	SCP7	QF22qh	15	140929317	FT8	1777997982
S	NTJCNPQZ7	FN42	-18	33444980	JT65	1777992802
S	9WT5308SDDLP	PM95	2	28072623	FT4	1778101551
S	ENV4	PM95	-23	67559030	JTTY	1778083761
S	DYL1V0I423	PM95	-26	59350741	FT4	1778140864
S	TQHY6X	QF22qh	0	54016614	JTTY	1778091151
S	BU9LCUP3G		-10	4992050	JTTY	1778074832
S	D2E4M	PM95	-2	60477651	JTTY	1778051505
S	ESQ1351ID	PM95	8	130628194	FT4	1778102668
S	4TF	QF22qh	8	13568660	Q65	1778059977
S	IPHT34RID	PM95	-29	82003878	Q65	1778116836
S	CEGX2	QF22qh	8	118462038	Q65	1778014891
S	CTBQTM0JP	IO91xx	-11	59302411	JTTY	1778023364
S	/HM	PM95	16	55645865	FT8	1777977975
S	BYJB		-29	146789300	JTTY	1778151740
S	EKGL0T6ZC2RT8	PM95	5	91125025	Q65	1778084877
S	63AN65U1E3RX7		-15	61966757	Q65	1778092218
S	Z1HZ6TLX0D	QF22qh	0	113774161	FT8	1778145304
S	295FT/	FN42	-18	80167124	FT8	1778164652
S	HY/		-21	124941539	FT8	1778145504
S	XW614T		4	62598122	FT4	1778080295
S	RNZ7JLCCM18		22	30927697	FT4	1778033888
S	KEWGAIAYE	FN42	16	32579177	FT4	1777997578
S	HU3EB4		-13	9064667	Q65	1778164016
S	UW6GLB4ZBYAYU	PM95	-21	96100900	FT8	1778041797
S	3J9/TWUI		11	107910892	JTTY	1778018396
S	QXM	QF22qh	-4	72759908	JTTY	1778146311
S	RQPZ8	FN42	-18	122642241	JTTY	1778019574
S	CDU2P53	QF22qh	-12	9894924	FT4	1778077733
S	CGEAWUDIID0/1	IO91xx	-13	26760217	Q65	1777970673
S	R/VYQ67RBHEW3	PM95	-16	145360866	FT8	1778043903
S	L4A	IO91xx	18	5631548	FT4	1777973811
S	ZGJDR2YD	FN42	20	77672072	Q65	1778043196
S	22LIT	FN42	-1	23075709	Q65	1778059893
S	36I	PM95	-1	39849283	FT8	1778151474
S	9BUXF	IO91xx	16	64913674	JTTY	1778138131
S	//XAN26UZ		-3	45020457	JTTY	1778054091
S	DYR	FN42	3	140017785	JTTY	1778069874
S	FXI3JDL	FN42	15	74060663	Q65	1778009577
S	68WI	PM95	-29	32483394	Q65	1778105734
S	MTC69E0TP1E5	IO91xx	12	65891988	Q65	1778085884
S	D75UYAIH3EYR	FN42	6	16569391	JTTY	1778047590
S	QXE4M	PM95	-23	37032121	Q65	1778105121
S	F41BKWSJ	FN42	-1	134757451	JT65	1778024999
S	J7G	FN42	-7	25171943	FT8	1778156771
S	0D5OT8DWGN8	QF22qh	21	141175956	JTTY	1778032213
S	4R5480W	IO91xx	-19	137562337	JTTY	1778070684
S	GQ35		-2	82656499	Q65	1778127167
GO
P	tcp	0	3747823304	3994076397	3685195114
R	K1ABC	FN20	mfsk-skimmer 0.13.1	N/A	N/A
S	W0KJBBLS	IO91xx	-24	71882285	JT65	1778007152
S	0ZJ		-25	133451439	FT8	1778022489
S	/RK0J8/		-15	34665067	JT65	1778133545
S	RJ/U1	FN42	0	131734795	JTTY	1778078593
S	U/RWDS4MFO	IO91xx	5	122857480	FT8	1778064317
S	4ERNIEWT1OB	QF22qh	-21	84449157	JT65	1777977923
S	6V429T1AC/K52	QF22qh	1	72719573	Q65	1778015110
S	6FJGW		-14	47805824	JT65	1778042316
S	4A3VD8/	FN42	-4	78580860	Q65	1777987526
S	NHLE	QF22qh	30	18915057	FT4	1777980926
S	2JH6PO	PM95	-28	49932441	FT4	1778030437
S	GFDWM5DYEOD3/	IO91xx	-23	104664783	FT8	1778144322
S	6Q1G0IF0A9	QF22qh	3	79019334	FT4	1778125166
S	DQ9AKZD79	QF22qh	-13	35478733	FT4	1778106056
S	1PW8AFC1EG		28	13223337	FT4	1778105252
S	C9/DAF	IO91xx	18	59935173	Q65	1778029499
S	Y6KTBFTXL5CZT	FN42	-19	142295810	FT8	1778068620
S	/ROLVNX96	PM95	9	11962697	JTTY	1778129294
S	X6NOISCM8IZ9		1	108037458	FT4	1778118177
S	YEJ0	QF22qh	3	51661426	JT65	1778029486
S	DS/2/943L	FN42	-14	128114051	FT4	1778103132
S	EL2Z	FN42	1	114761235	JT65	1778042129
S	JEXZ6C3ILXB		-28	60566468	FT4	1777995925
S	ALNC3DP	FN42	-19	67874080	JT65	1778031591
S	UZN8HA9U9J5IE	QF22qh	-25	139860118	JT65	1777986069
S	JDY	QF22qh	-10	8555907	FT8	1778163016
S	PW2N	PM95	-14	112862500	FT8	1778087959
S	RW3SFE	QF22qh	-13	105935011	FT8	1778015449
S	4FWDMNIKP	QF22qh	18	108903376	Q65	1777988593
S	9ACG0SQEXJB	QF22qh	-20	47625914	Q65	1778160287
S	JQPMAWLH5U	QF22qh	24	57492761	FT4	1777996486
S	TA64L/B	IO91xx	7	103596486	FT4	1778015074
S	D7QEY		-4	33963937	JT65	1778100806
S	C7883D9	IO91xx	-17	108301152	JTTY	1778015913
S	5LFEH2	PM95	-1	50054430	JTTY	1777977559
S	F0LWUQE	QF22qh	3	143597201	FT4	1778023271
S	E953	FN42	-21	103431805	FT8	1778043307
S	M3A/YXHOKNM		-7	73534571	JTTY	1778144755
S	OAE2OQ1DGDO53	FN42	-7	75445890	JTTY	1778050630
S	H6LW32NM5KL	IO91xx	7	15485705	Q65	1778098484
S	LNNDV9U/XNBW		-16	109229483	JTTY	1778089774
S	W6420AY5FJ		18	130308507	FT4	1778115716
S	PQY7AMZ1	PM95	10	81264335	FT4	1778010286
S	N6181DZOKF50	QF22qh	3	46278674	JTTY	1778112530
S	04HIQ0Y		-19	34354607	Q65	1778042604
S	99DBCHLI4T	QF22qh	6	75975982	JT65	1778095882
S	OFMM5I/PI	PM95	-24	18469705	JT65	1778000472
S	VF4	FN42	8	140903920	FT4	1777984358
S	AB5PLDE5P39AF	PM95	-12	111171930	JTTY	1778003809
S	IS578VHIN3U8	IO91xx	18	40023532	FT8	1778139329
S	28XTTVY21	PM95	8	84006798	JTTY	1778108242
S	QAEA2		-12	123368642	Q65	1778137218
S	/6AAL6R46UD90	QF22qh	-2	145178087	JTTY	1778111745
S	CM1WEATMC	IO91xx	-13	59908985	FT4	1778033410
S	JJHHK1RBQA	QF22qh	-1	102368344	FT4	1778087327
S	PAZ1SRMVZ		18	4811280	JT65	1778134378
S	PGREDJ	QF22qh	21	111995503	Q65	1778083932
S	C3B1VZ/7TP	FN42	-8	24526372	FT8	1778084329
S	LIY29	IO91xx	-29	135719343	Q65	1778139083
S	94S05T	PM95	16	96587226	FT8	1778112822
S	Q4QPTC2Y4R		-2	142168766	JTTY	1778027581
S	M7IB9MOQK		23	28092138	JT65	1778120230
S	IP0DMMLF	PM95	-19	88744895	JT65	1778030443
S	15JS	FN42	-6	116206573	JTTY	1778037606
S	WMS5M6INF53U	PM95	-13	58489858	FT8	1778143991
S	4KIT3CBX0		-12	7090143	JT65	1778133546
S	YRTH	FN42	12	127254746	FT8	1778104443
S	OIYGXHL3X		-1	20921659	Q65	1778100762
S	/4ZBYLIYF1V/	FN42	4	106360305	Q65	1777986497
S	JUL8/	PM95	-18	108681241	FT4	1778018573
S	3VHYAGL/1		29	37956065	FT4	1778053163
S	GRZOFZ/QXR9	IO91xx	0	15528211	JTTY	1778068109
S	SCR	FN42	-22	107415152	JTTY	1778138975
S	1U6CM8ADOTK6T	FN42	-26	77325703	FT8	1778137593
S	RB29ZF3YNS0JJ	QF22qh	-6	62927824	JT65	1778085698
S	KSH8D7K4EO	PM95	-22	13577647	FT4	1777981051
S	MMQK/JCSG2	PM95	-23	67069857	FT8	1777981940
S	KGSAGEO	PM95	-26	73632747	Q65	1778106708
S	14W		8	4056975	JT65	1778043136
S	HSOTDC	FN42	3	14907835	FT8	1778137241
S	SO535	FN42	-16	54311684	JTTY	1778088854
S	1HB10SAG9K6	PM95	11	111995552	FT4	1778117396
S	61LGVR3L	PM95	9	95550999	Q65	1778009355
S	G6YS68LJ	IO91xx	11	103052397	FT8	1777999741
S	QMMZLUSXYS	FN42	-24	26363597	FT4	1778070414
S	NNT2NJPF		29	57718495	JT65	1778083653
S	YZQ		-21	10276879	JTTY	1778125166
S	XOHCUR		-3	111525224	Q65	1778075068
S	2RE9J/1	QF22qh	-17	41228572	Q65	1778006738
S	HQIB0E3BETB9	PM95	-8	77522560	JTTY	1778111890
S	/9RQFIPUC	PM95	7	92313012	FT8	1778124025
S	VY7C60CZCH4	IO91xx	-29	18636915	JT65	1778138984
S	0PSCJ5SP2QL	QF22qh	-24	53799408	FT8	1778089263
S	R5S2T4VW0LA9	IO91xx	-1	20455819	FT8	1778159367
S	M01KOD18UG7	IO91xx	25	36185394	JTTY	1778124850
S	9W/SK0	IO91xx	-1	147343232	FT4	1778153194
S	/B4R		29	5730750	FT4	1778115373
S	DX75RHHCB79Y	IO91xx	-19	80505884	JTTY	1778093791
S	IIIHPP	PM95	-29	78956853	FT4	1778068571
GO
P	udp	1	1757810071	3079115215	341745958
R	K1ABC	FN20	mfsk-skimmer 0.13.1	N/A	N/A
S	ZHC1IACEPK6N	FN42	5	75799511	JT65	1778094775
S	AOOL5RF	PM95	-18	115278014	JT65	1778015034
S	BT91D3UR		-22	58565836	JT65	1778132285
S	MO10RO		-21	82057744	JTTY	1778106910
S	CBSDA08	QF22qh	-22	125710226	Q65	1778032818
S	WXKVE5UMG	QF22qh	-20	134181071	Q65	1778032704
S	3V4WM	QF22qh	0	106762427	JTTY	1778118724
S	Y5PX	IO91xx	5	56488323	FT8	1778083748
S	704/FS/LFGW	PM95	-9	143072493	FT4	1778095552
S	BV7PYZYG1109	QF22qh	2	123502248	FT8	1777974790
S	V/E33G		-3	113062683	Q65	1777997137
S	VQUWX4I	IO91xx	-20	139140486	JTTY	1777996854
S	IRHUTU	IO91xx	28	144578970	FT4	1778058547
S	SQX		8	12493432	JTTY	1778109941
S	9196PFGP	QF22qh	-29	96006483	JTTY	1778068330
S	M1QV	IO91xx	-8	53278061	Q65	1778167095
S	7ZDV		-12	137650306	Q65	1778074801
S	1RH0	PM95	-21	41208789	FT4	1778071518
S	I5CUBCNS		22	19719367	Q65	1778115598
S	YAZXIW1	IO91xx	-18	11001210	JTTY	1778085046
S	UD2M1	FN42	-20	32565021	FT8	1778004805
S	9RMLXG	FN42	-25	8041032	FT8	1778028778
S	HGQEZKQ	FN42	-29	145331924	FT4	1778050128
S	CCZP3VIY6	FN42	29	6319661	FT4	1778038403
S	HOVQ	FN42	-26	122473059	FT8	1778042938
S	OK54XVMX1B	QF22qh	15	133211278	JTTY	1778149035
S	KY2MQXYU	PM95	23	71292278	JT65	1777998887
S	9R62RJLSQGC5	QF22qh	0	118144780	FT4	1778106797
S	G55JNL	PM95	-29	19549695	FT8	1777997342
S	AHMUPDC2P/M2	PM95	-28	12565975	FT4	1778004628
S	FCFTBAGX	IO91xx	28	55764203	FT8	1778159454
S	R92KD		-22	112302982	JTTY	1778150291
S	HK29TFEV3K	IO91xx	19	81872598	JT65	1778020640
S	00AMXQXLG	IO91xx	15	110047691	JTTY	1778061961
S	GHUE0	IO91xx	-8	9593749	JT65	1778106834
S	DJY	PM95	22	71355071	FT4	1778059469
S	MTA2	QF22qh	8	87673818	FT4	1777998988
S	L1UNW	PM95	-27	129139645	JT65	1778001087
S	ACV6FY0QE8C	FN42	-11	45293370	JT65	1778013498
S	TKWGYBRB		14	20970319	JT65	1778023274
S	/SR707	QF22qh	-20	50690975	JTTY	1778113038
S	IMK0OGT8M9EQE		29	49196653	Q65	1778120440
S	286SBWLUVU38I	QF22qh	-21	37550525	FT8	1778119640
S	C0MCPUMGJ5		-20	119327199	FT8	1778046803
S	Q5NUYB4VRBM1		-26	139747169	Q65	1778137480
S	GTS7SH064B	IO91xx	-27	34679769	Q65	1777970455
S	62UGEQT2G8C	IO91xx	-2	115490829	JT65	1778024398
S	TPX	QF22qh	10	101755338	FT4	1778108495
S	IK3ZY0		-7	58862349	FT4	1778105670
S	/JRK75	IO91xx	-22	99674505	Q65	1778063661
S	AIB05F	PM95	17	120808898	FT4	1778133052
S	SX1	IO91xx	28	33395039	Q65	1777970792
S	HL3H2		-29	136627074	JT65	1778116823
S	7LG8Z/ESV9	PM95	-19	110119587	JT65	1778125236
S	KPZHXRENZRDKW		-19	44755010	JT65	1778121891
S	BPH/4XC	PM95	-29	35173197	Q65	1778036208
S	EQW26TGFH	IO91xx	20	105106736	Q65	1778042246
S	UHNLK/	FN42	-1	24208202	JTTY	1778030259
S	XO83/QGK	QF22qh	-6	78335303	FT4	1778088370
S	I/84/	QF22qh	30	121299425	JT65	1778034660
S	0YPGY55T/R	FN42	-16	118501046	FT8	1777975606
S	CP03BUGP7W79	FN42	-5	31305600	FT4	1778027231
S	RKBTDWGQWZWW	FN42	-3	121216641	JTTY	1777977008
S	OIF8LXK		-1	117962811	FT8	1778038022
S	E24US8	FN42	26	89067342	FT8	1778003733
S	CJOV852PI0Z9	PM95	-22	96741632	JT65	1778120295
S	94OZ/Z0		-14	49574367	FT4	1778104841
S	5HH	PM95	-11	23898094	FT8	1778142362
S	5BT1QQ/		-20	101176417	JT65	1778018238
S	8823V299F3W0A	QF22qh	-9	68051597	FT4	1778132715
S	/C5Y6NN	PM95	20	54636351	Q65	1778061857
S	ICA2T8QSNFOP		21	66692702	JT65	1778089414
S	26HIH/6		7	2016971	Q65	1778045945
S	694	PM95	25	133258598	FT8	1778141453
S	/DAV60Z7IHVF		1	91507919	Q65	1778002481
S	RY29MM43		-24	108990747	FT4	1778012841
S	UXSAKUC	FN42	-5	75014697	JTTY	1778129089
S	WZA	IO91xx	5	87194234	FT4	1778011558
S	A68WYWWTDVG4Z	PM95	9	66992946	JTTY	1778102904
S	U2D69SGGT0GY7	IO91xx	6	30611162	JTTY	1778080027
S	BYNWF/PUWH		-14	55333366	FT8	1778161773
S	6483PXNQV6/FU	QF22qh	29	50309773	FT4	1778054593
S	ZX9RQHFS0F4N/	PM95	-20	35454328	JTTY	1778007126
S	JOYI7	PM95	25	2952470	JT65	1778077599
S	T5SLJ2M/VI		22	16792927	FT8	1777979499
S	9EMMLCNJO7GP6		30	3482569	FT4	1778142335
S	MP3	IO91xx	29	31997521	JTTY	1777978540
S	/QFFVE92Q7MAC	PM95	-6	120283391	FT4	1778165408
S	FHUKC7806XC7	IO91xx	-18	115887525	FT4	1778047548
S	Y8ODVI6BW4	FN42	-3	36660113	JT65	1778074856
S	MIZ4Z	IO91xx	-10	146116642	JT65	1777984900
S	PY6U//PUGDS3K	FN42	-5	141207979	FT4	1777987000
S	PU/RBFU	FN42	16	9238285	JT65	1777993281
S	M1YO3IR		-21	30065412	FT8	1778027024
S	TS401K1F8H8	QF22qh	-24	100994874	FT8	1777988365
S	JTZ	IO91xx	-24	77694525	JT65	1778048739
S	VKVU2A	QF22qh	25	3758831	FT4	1778153259
S	RZR8YV0E/1RJC	IO91xx	-6	144296782	FT8	1778056128
S	/7H	PM95	-1	22985799	Q65	1777975876
S	TPSE6P7R	FN42	17	2709555	JT65	1777974397
S	9KHYRC	FN42	3	19721359	JT65	1778004638
S	NBWPWDW5QD66/		8	43328918	Q65	1777979281
S	YEED3OFGI4SVR	IO91xx	-19	29238318	FT8	1778029369
S	U/2ZH	QF22qh	9	103556877	JT65	1777992217
S	8FNREPCAL6R	QF22qh	-17	95393348	FT8	1778122788
S	S4W	PM95	-7	65366818	FT8	1778130710
S	7ILM3WZJH6Q6T	PM95	-30	113978341	Q65	1778009452
S	Q8EIM/6EWYQ	IO91xx	5	11742248	JT65	1778132191
S	1P9AM18E9KE0	PM95	19	102252956	JTTY	1778136603
S	C90VNURZV	QF22qh	16	96794333	JT65	1778014863
S	B8RFP	IO91xx	9	17576653	JT65	1778146489
S	J0NP	QF22qh	17	80542975	FT8	1778057307
S	YMGGDGE4	FN42	-26	31100859	FT8	1777988394
S	471JGJAN5M		26	95505488	FT8	1778065041
S	JQZP5ZPX	QF22qh	-11	85483644	JT65	1778132169
S	YX34E/9UR	IO91xx	-22	131854215	Q65	1778018783
S	6Z6BV3ZMKHE		-21	133398772	JT65	1778025295
S	/UKUQ		20	128697834	JT65	1778105724
S	Y9AA		-24	44873181	FT8	1778032670
S	0ZE9WA50K5	IO91xx	-28	144997408	FT8	1777987809
S	8GR5GEXW1J	IO91xx	16	31034839	FT8	1778066057
S	9WMKWM100O		-13	64352339	JT65	1778059261
S	2NOCBGH7	PM95	9	142424676	JT65	1778008328
S	29J58T2WC	IO91xx	-27	3433696	FT8	1778042565
S	KOSKLM45RU	QF22qh	-1	133317093	JT65	1778075746
S	48KL6UTRG/3	IO91xx	-22	69284293	FT8	1778014525
S	A0/T51JN8		-29	137674238	Q65	1778034960
S	V89CMX/U	IO91xx	19	31759837	FT4	1778074346
S	HM5	IO91xx	-17	88538309	JTTY	1778158715
S	CMD	IO91xx	-22	32336236	Q65	1778155697
S	9P2IRKSQ6	QF22qh	-3	30501405	FT4	1777976665
S	IW8XPXP	FN42	25	20545776	JTTY	1778162913
S	RMCYE	IO91xx	12	7491788	FT4	1777988549
S	U690N22	PM95	4	105718295	FT4	1778030621
S	9UOCI		25	47425392	JT65	1778163861
S	8EI25DXDCHJN		29	6878092	FT4	1778139481
S	SZP2D8OBW	FN42	29	91461258	JTTY	1778058160
S	7R1RS	FN42	10	108054898	FT8	1778085241
S	VKKSKR0	FN42	-29	84387894	JT65	1778072929
S	92QUQMJKHAXW	QF22qh	19	73574021	FT4	1778162282
S	65QJ1WSV/X/	PM95	20	114266177	JTTY	1778144219
S	5KMOJJLZETVA		15	70619361	JTTY	1778139101
S	9M5S81TUQ	IO91xx	2	115927874	FT4	1778001843
S	VTRSC		-25	39680392	Q65	1778116894
S	35OJZ3TH9LS47		-15	3197949	JT65	1777974822
S	SWLBTR2FRY		-14	59237749	FT8	1778090536
S	24CNBE	IO91xx	1	145000464	FT8	1777971698
S	58/904IERW3	IO91xx	-2	2206517	FT8	1778136271
S	M59QFXP95	FN42	25	63057644	Q65	1777972221
S	BG5S9F7QOH8Y	QF22qh	-24	22298902	Q65	1778051205
GO
P	tcp	0	3408358231	848429363	787598459
R	K1ABC	FN20	mfsk-skimmer 0.13.1	N/A	N/A
S	DVECHPM4AKDK	QF22qh	-30	141193633	Q65	1778115385
S	E8VTBTELG3	FN42	-11	26811967	JTTY	1778063760
S	JB2JLHD/8P8UV	FN42	-16	49639867	JTTY	1777998617
S	B9T4VRL9WEHJ	QF22qh	10	26833884	FT8	1778147880
S	FCZPDRB	IO91xx	20	38775727	FT8	1778060587
S	RBMSYY	PM95	22	65163228	JT65	1778084925
S	A7L8		-23	109727874	JTTY	1778150543
S	Z1A7J2H96YE	PM95	24	82632308	JTTY	1778021902
S	WCX4H60L7E	PM95	27	84568929	JTTY	1777985952
S	KZAGF7BPS		16	117267883	JTTY	1778040360
S	FNC9PX3QYOJ34	PM95	-22	67836042	Q65	1778071378
S	4F0WDRS9BHP03		2	104411582	JTTY	1778120353
S	HZ/WGGTXEUE5	QF22qh	9	132380440	JTTY	1778015975
S	EEXD7	IO91xx	0	50593960	FT8	1777974216
S	QHU830N	FN42	29	39154007	JT65	1778138305
S	ZXQ3		3	90592428	JTTY	1778045204
S	0LT1ZIUVCERA	QF22qh	-24	125420247	FT8	1778050085
S	WS3KWX17DS0IA	PM95	-26	115142592	FT8	1778152366
S	G6S4NML0G2ES	IO91xx	1	144392842	Q65	1778062816
S	90LTUZJTNVPK2	FN42	30	48531570	JTTY	1778144047
S	GF3D0	PM95	30	53690405	FT8	1778092224
S	2/8	FN42	20	146649400	JT65	1777997229
S	WH60F3EKBH	FN42	-15	15949453	JT65	1778051565
S	TL5KD272YI	IO91xx	3	82904139	Q65	1778057784
S	FW14HFL/ZXF		-5	16232746	FT4	1777994508
S	BHEBR5K8	IO91xx	-21	10720554	Q65	1778017892
S	TIRQXBA8KZ	IO91xx	9	41675820	FT4	1778077906
S	43W0Y0UBLYN	QF22qh	-22	139027865	JTTY	1778030391
S	LWK	FN42	23	78925251	FT8	1778153644
S	UBYR	PM95	2	14625379	JTTY	1777996553
S	RMV17FPC	FN42	3	35439609	JT65	1778012706
S	UJXM8K	PM95	26	86879562	JTTY	1778114056
S	70TOA	PM95	21	106147146	JTTY	1778000180
S	H036I/A	FN42	-9	134674522	FT4	1778025298
S	66U1T95	QF22qh	21	122620882	JT65	1778055015
S	KP2KXT21B	PM95	-1	14749037	FT8	1777994562
S	3AM	FN42	-11	6730012	FT8	1778064366
S	IQ37AIA3T2QA	QF22qh	27	118407431	FT4	1778114213
S	GFH1BT8	IO91xx	2	122458706	FT8	1778134188
S	RFR	IO91xx	11	145501914	JT65	1778023749
S	HN4EKWV7ZHT	FN42	-5	124269631	Q65	1778101953
S	5OWUIED3	FN42	0	135017491	Q65	1777975915
S	2ZB16/7C4ES55	FN42	28	42899374	FT4	1778069843
S	TWIVFEB	PM95	-14	50764446	Q65	1778081247
S	2IO	IO91xx	-6	66761573	FT8	1778079552
S	/V9OJ	FN42	-30	106740619	FT8	1778085782
S	YBA40E1		26	122318991	Q65	1778028375
S	QRHP	FN42	-23	35170403	FT8	1778141367
S	PQ93V5TS	IO91xx	29	90284129	Q65	1777997481
S	H1ZZCDCAK/A		-21	51439601	FT8	1778088335
S	7B9VU/ND	FN42	-30	35009493	JT65	1778165596
S	VNW8F4EV9	FN42	-11	67423397	FT8	1777987387
S	TCM0VZN	FN42	23	4957352	JTTY	1778077016
S	9R5W3A3UZKV	PM95	-5	23690574	Q65	1778022882
S	FS76NB7GLA0V	FN42	-4	40617586	JT65	1777984793
S	B7S61WY3E	IO91xx	-30	64103160	FT4	1778005936
S	PXTGX/RDD9		10	147366496	JTTY	1777977923
S	I3PO0AH0WE	FN42	-23	77928229	JT65	1778073217
S	R2FX	PM95	7	46519514	FT8	1777998193
S	HW0H8W6	IO91xx	-3	3540140	JTTY	1778148498
S	UKJFJRTA	PM95	12	141699211	FT4	1778124595
S	85NY48F5POHC	FN42	21	118909493	Q65	1778016710
S	HVCTGPWOQ	FN42	-22	124905222	Q65	1778126573
S	1NDUWH406K		17	35103608	JTTY	1778154830
S	UZ3N1GQ2HBRTW	PM95	-2	135223720	FT4	1778079103
S	ZH7HI/K4MYEM5	FN42	18	147150910	FT4	1778066437
S	/4H	IO91xx	10	28045342	FT4	1778129388
S	67HFIEBYEHKGW	FN42	5	28538847	JT65	1778026373
S	ZBI2QJKJ7	IO91xx	1	43300211	FT8	1778059890
S	HVPE2OLK	FN42	-4	2001814	JT65	1778042098
S	QUVDSPS9WN1I3	QF22qh	18	87409988	FT4	1778142707
S	BIGCXVRV52X8H		-7	145637428	JTTY	1777976806
S	F9HCU/CDDE	IO91xx	-26	116052349	FT8	1778041872
S	8PD3UHTJ/	IO91xx	-7	69912037	FT4	1778020577
S	8ATJ3ZL62S2E1	QF22qh	9	80239214	JTTY	1778128180
S	B/Z7P/M	IO91xx	3	45667621	JT65	1778057765
S	C6PLK	IO91xx	23	37433441	FT4	1778078857
S	TTWO35	QF22qh	-14	132354748	JT65	1777985895
S	3NKK	IO91xx	23	113189173	JT65	1778112264
S	XO6EVWXVVX	QF22qh	9	8523231	Q65	1778045687
S	2QWH7IHQDTYC		-16	113051592	FT8	1778072335
S	3LW	IO91xx	4	55651446	Q65	1778112515
S	DV85Z	IO91xx	19	94539007	JTTY	1778122347
S	85R5E	PM95	-30	116640550	FT4	1778165999
S	QW6FD	FN42	27	138778482	JT65	1778043288
S	NXYLT872QVZ	QF22qh	14	144261945	FT4	1777970936
S	VU1F8NLPDA1EK		-16	108761563	JT65	1778147157
S	6SK9B	QF22qh	-4	95515052	JT65	1778162011
S	6UT	PM95	28	42124627	JTTY	1778161496
S	PB2FBB2VT		9	107701989	FT4	1778056765
S	U3VAMZLQJG	IO91xx	-9	37623838	JTTY	1778042269
S	HO50FFR	IO91xx	-29	95078491	FT8	1778097519
S	4ILLYU1FCA5MY	FN42	-13	113090924	JT65	1778108777
S	HSO	FN42	3	2394240	JT65	1778011442
S	UWBRVR	PM95	19	20090474	Q65	1778036134
S	PKAPB	QF22qh	6	66832977	FT4	1778005992
S	9ZBQ	QF22qh	-7	143266199	JT65	1778088658
S	1RA0FCDAU2N	PM95	23	11505224	JT65	1778028152
S	DY2Y2/	IO91xx	-10	78683182	JTTY	1778099008
S	H29HT0OLL97UH		16	8012094	JT65	1777998106
S	X/BY		-27	125731077	JT65	1778125852
S	EXBNRZR3	IO91xx	10	54739070	JTTY	1778122386
S	3VB	IO91xx	-25	102615501	FT4	1778098470
S	1YLF6SDZ		9	56051078	FT4	1777996403
S	LPS2MFQH		-24	124994936	JT65	1778115591
S	ZRLZSVWD		21	35843972	Q65	1778019502
S	E08V0RM	IO91xx	25	105610885	JT65	1778083608
S	533QLH24WSG	IO91xx	-22	138734101	FT8	1778129132
S	FNZBU		11	65557987	FT8	1778096007
S	FON57CJNDVKI	FN42	-8	33066963	JT65	1778088178
S	HVRL	FN42	17	40087300	Q65	1778103672
S	EG92UV31079	IO91xx	-2	6309144	FT4	1778062888
S	PNQ3VJA/WH		17	131418066	FT4	1778079768
S	MPE0/	IO91xx	-10	100038377	JTTY	1778142309
S	SCQTTR/T4		-22	95848524	FT8	1778060455
S	ZLWI4JID6	QF22qh	-11	143427484	JT65	1778040598
S	M/F5	PM95	6	86223544	JT65	1778017465
S	V73VM09	PM95	-12	135357769	FT4	1778002027
S	USY	PM95	7	24837747	FT4	1778078406
S	TXSY/HIC		-20	103989565	Q65	1778048316
S	774	IO91xx	-11	78186822	FT4	1778039483
S	KT5901T3		-25	27236433	FT8	1778034309
S	EEAAPP	PM95	-17	42683371	FT8	1778113340
S	EK8KSPX	FN42	7	53903176	FT4	1778077692
S	3K9MA0C49Y/	QF22qh	-27	75255307	JT65	1778081988
S	WVHX	PM95	-17	68353802	JTTY	1778141709
S	E/31FZ/		15	14398951	FT8	1778141026
S	8B04MUXDNVM		5	13178271	Q65	1778034377
S	AEPHT/3XONJE	FN42	23	140738668	FT4	1778055873
S	0VOPD8CF5	PM95	-3	12031232	FT4	1778093522
S	NKTS6QK74LJI3	IO91xx	-16	80954311	FT8	1778119213
S	YLXL4GOW	QF22qh	4	84257937	Q65	1778002020
S	1HDXC5ZRMX	IO91xx	17	103168829	FT4	1778162403
S	6KY77HV	FN42	-27	24785018	JT65	1778092939
S	7/A4CK64	QF22qh	10	32060818	JTTY	1778055221
S	RBE9HS	IO91xx	8	115893969	FT8	1778039869
S	DZQ76KKEG/X	IO91xx	-21	83560659	JTTY	1777986557
S	AXFEUZO6597	IO91xx	-13	143567772	FT4	1778002919
S	WIMNY1MKJQFBR	PM95	8	37609528	JT65	1778060731
S	YR8ECJNUUDNA	PM95	5	79618435	FT4	1778093599
S	W54		24	124397857	JTTY	1778062516
S	OSNT5V		2	89184037	JT65	1778014442
S	VG9NMN	QF22qh	-8	133161246	FT8	1778007490
S	UQB5		14	95911477	Q65	1778040484
S	//I1MGWLT9K99	FN42	-5	139256234	FT8	1777994776
S	HSW7PYLZI	IO91xx	-2	125088481	JT65	1778042295
S	QBKJ58	FN42	-5	74625923	FT8	1778147365
S	PQCZC1TN3M8Q	IO91xx	21	104172961	Q65	1778030433
S	G6OJX22K		19	55180961	FT8	1778116091
S	T79GFCDU9F0OO	PM95	7	71093848	JT65	1778031906
GO
P	udp	1	3308363121	3246435538	1860342029
R	K1ABC	FN20	mfsk-skimmer 0.13.1	N/A	N/A
S	V3SYOYRB3X0Q	IO91xx	-2	93742870	FT8	1778050126
S	GT/2K615FA	QF22qh	6	126914389	Q65	1778002141
S	HCQFANE	FN42	20	99865252	JT65	1778053788
S	KVPCL	IO91xx	2	127098256	JT65	1778090437
S	/LSHIKJ		-19	31186642	JTTY	1778135587
S	7E1X		-26	96832097	FT8	1778031879
S	LES	QF22qh	0	124169309	FT8	1777978428
S	6KQ67K93WM69	FN42	6	74478928	Q65	1778149361
S	8SBY3M		9	32544603	Q65	1777996052
S	X/K	FN42	11	94968077	Q65	1777986971
S	DDU7N8IKGF	QF22qh	3	127633314	FT4	1777983785
S	EY5H	PM95	-4	128814796	JTTY	1778096531
S	3MUYY6Y	QF22qh	-11	123981341	JT65	1778094674
S	3Q/V35WNT		-21	33403811	JT65	1777999442
S	TF4OHY0PPEVG	FN42	-15	122359467	FT8	1777971256
S	1GKF9SGLD9F6S		13	109094491	FT8	1778023985
S	URIDD2C45VHM0	FN42	-28	37020829	JT65	1778156101
S	ISEU		21	16248004	JT65	1778011705
S	8DD5KR112AJB9	PM95	10	71802455	JTTY	1778021552
S	WUWQXHSS4	FN42	13	15189739	FT4	1777978465
S	R62TAZB2		13	144414399	FT8	1778152861
S	UXUT9P4DV	QF22qh	-3	130256192	FT8	1778078785
S	4DHYPP	PM95	30	46313233	FT8	1778093243
S	TCJHCG	PM95	-10	102467353	JT65	1778049622
S	IE42Y9U	PM95	-10	4905443	Q65	1778163048
S	SIV7BUBHZHL	QF22qh	-19	97035859	FT8	1778119128
S	L51F7PURDVY		-1	20169408	FT4	1778094102
S	L8QG	IO91xx	30	66697902	Q65	1778086042
S	7FL6FLP7P7	QF22qh	-27	130667816	Q65	1778050394
S	/P9AO84SPS9N	PM95	-29	22423103	JT65	1778089367
S	TF4W2A	QF22qh	-9	18784547	FT4	1778140106
S	TXQJJWCHI4	QF22qh	24	133944117	FT4	1778090686
S	P5YWC	PM95	-30	127938964	Q65	1778059025
S	ZOE6QS4U	FN42	-18	43758422	Q65	1777973031
S	/IOZ	PM95	-19	72268069	Q65	1778000253
S	01COPA0ER4T	FN42	6	38151587	FT4	1778105785
S	S91KLPMYW	PM95	-12	81489451	JT65	1778091701
S	CO/FQ/OV3HS5V		30	60314934	FT8	1777988084
S	IIVUO	FN42	-20	74148697	FT8	1777997173
S	GECNXCJ/Z8W4N		28	61465507	FT8	1777979926
S	A017O		-17	21836941	FT4	1778056816
S	LO0TKH3W6K	FN42	21	132859882	FT4	1778134161
S	9QS8D	FN42	6	138684035	JTTY	1778144778
S	7BR0	FN42	-7	80891743	FT8	1778024736
S	I5B3	PM95	-21	76909882	JTTY	1778000258
S	XWPUX		-24	80549324	FT8	1778074508
S	6CKDBSXYSI	IO91xx	24	83217189	JTTY	1777975026
S	QBANJO	PM95	-27	134442185	JT65	1778091182
S	8OMOV	IO91xx	-27	37109407	Q65	1778047046
S	F0DBNI	QF22qh	4	62273406	FT4	1778009374
S	WGVA3/26M		-19	118311558	JT65	1778144204
S	8AWK	PM95	-26	4676119	FT4	1778000309
S	3/CZS5S0DLN/W	PM95	0	42381414	JTTY	1777985856
S	64RQ89B/EJHW7	QF22qh	25	19959224	JT65	1778120448
S	WTI	PM95	20	110410743	JT65	1778097349
S	UFHCJNA0B	FN42	13	25310696	FT4	1778034444
S	6PWZX87Q	FN42	-20	51683946	JTTY	1778098825
S	C/MNQ	PM95	16	142088414	JTTY	1778010079
S	/EB27		7	50808712	JT65	1778054254
S	ZE4XQ4V7DAF		-13	71380256	JTTY	1778150809
S	2VBS/5WR	PM95	4	143713786	FT8	1778071654
S	ITHPWL	PM95	-2	90259197	FT4	1777973157
S	CXWBOCY	QF22qh	-25	111399341	Q65	1777990161
S	4Q5JJ		28	117276191	FT8	1778047857
S	WGM	QF22qh	-15	71411166	JT65	1778057793
S	0DNTI	PM95	-19	71849595	Q65	1778046362
S	QCAYUNAMR	PM95	13	24794554	JTTY	1777972381
S	1FW	IO91xx	0	90971085	JT65	1777973284
S	DMWSYW		-13	105510690	JTTY	1777982818
S	U1FSN7FNQ0/P		1	83045317	Q65	1778109961
S	YR6B6/NLCFR/A	PM95	-19	23605276	JT65	1778042088
S	DS0WXOAT7/	QF22qh	29	22612018	JTTY	1778093227
S	C09E2GUIXHE		0	14415964	JT65	1777986189
S	VDV8P6		-26	5738342	FT8	1777969429
S	J64MHE05E7		7	106437643	FT4	1778144016
S	SWC0/	QF22qh	1	53610102	FT4	1778081565
S	ZU2	QF22qh	26	37545168	JTTY	1778127535
S	JWZ2DZ	FN42	-23	18253440	FT8	1777993936
S	C5PUBBV		4	146858888	FT8	1778002084
S	IZQCZB4O/M22		-18	82246233	Q65	1778015238
S	KCZG7JKDI1W02	FN42	-22	54642486	JT65	1778081511
S	C7JAS9E78/VBG	PM95	16	128932682	Q65	1778156275
S	AQAUUBGN7THUY	IO91xx	-3	31782473	Q65	1777981852
S	/OVG5XKXLM	PM95	26	107639275	JTTY	1778049095
S	/YWL3	IO91xx	0	77087902	JTTY	1778145110
S	M7LWB		17	9228882	JT65	1778027771
S	/FSW		26	96682710	FT4	1778066479
S	AIGG7YW5	IO91xx	-19	85080966	FT4	1777981353
S	08A3X		-29	42436713	JTTY	1778031347
S	26GT	IO91xx	-17	40774978	Q65	1778142439
S	P252RXT4		4	140342299	FT8	1778051741
S	PFNACUZCE	QF22qh	8	28064690	FT4	1778000626
S	CW9QIZVEJ	IO91xx	27	27257308	Q65	1777970412
S	C5RF/	FN42	12	66887706	JT65	1778084663
S	/D1IMAD	PM95	-30	22537959	JTTY	1778109106
S	K3LK9EFA0	IO91xx	5	71920357	FT4	1778122195
S	QBBVTJ0/U6AK		-20	99903465	JTTY	1778045915
S	75QKLFT6OJV	QF22qh	-18	131199778	Q65	1777970324
S	UZ996HKU		15	87367378	FT8	1778043868
S	37XZGJ	QF22qh	13	144730476	FT4	1778120076
S	A70O/R	IO91xx	27	129778101	FT4	1777994557
S	8X31F	PM95	-17	70180811	FT8	1778163497
S	YOALPJJU	PM95	-17	115585732	JTTY	1778002760
S	E399W8MBO/U3I	IO91xx	-9	4757773	Q65	1778120944
S	MKL0Q1KOXA	QF22qh	4	51718620	FT8	1778034789
S	AX22LC	IO91xx	21	43754400	JT65	1778040598
S	/T08	IO91xx	-15	24003705	FT4	1778008415
S	AYE8WHLR	IO91xx	17	126894869	FT4	1778018313
S	XESXL/4K	PM95	8	124453541	JT65	1778091438
S	T60IWM11AB47	QF22qh	-25	47832747	Q65	1778058075
S	94QRLL3DHW	IO91xx	22	19284095	JT65	1777980616
S	GY30388SX		21	54121421	FT8	1778011119
S	7I86QE0AQD6	QF22qh	-30	103931067	FT8	1778088849
S	HF7B		4	41020492	JTTY	1778096609
S	PEUH	IO91xx	-9	125459622	Q65	1777996815
S	BSB9	QF22qh	-26	116959710	Q65	1777991908
S	MR2NMP		-8	26657181	Q65	1777971944
S	9AVF	IO91xx	6	130567558	FT4	1778048947
S	TSJFJ7A7BIT	IO91xx	30	142381057	FT8	1778130785
S	B4IGTKOWE	QF22qh	18	94396094	FT4	1777971037
S	/ESK1FDZBWFQC	IO91xx	26	134022009	FT8	1778156251
S	MT1S1RXZ3T	QF22qh	-9	49440449	JT65	1778049016
S	NPV	QF22qh	-4	87294335	JT65	1778098361
S	RQ4CRTFBU	QF22qh	-23	114725732	FT4	1778121224
S	VGQG5C4P	FN42	10	62011609	FT8	1778032725
S	5XZ9AI1W	IO91xx	-21	121532078	FT4	1778084445
S	/RMI9	FN42	-21	42535956	FT8	1778103638
S	UQIWK8JQJ	QF22qh	-4	123486772	FT4	1778088337
S	S24ILZ9	FN42	2	49078081	JTTY	1778014774
S	AXP16L4C2		24	14442030	JT65	1778030127
S	87B9L6FAF4P	FN42	20	99431288	FT8	1777979948
S	69/GPSBZOACZ	QF22qh	-3	90617895	FT4	1778149379
S	J5WY6DP23	PM95	-25	124986643	FT8	1778163839
S	Y16L/J3Q1Z5	QF22qh	10	124281097	FT4	1778017811
S	/MMJP		23	55180995	FT4	1778096768
S	E2B7JL89ZG7A	IO91xx	-13	146946195	Q65	1777978893
S	PUVY00		18	94304994	Q65	1778116358
S	HESIK32	FN42	-16	100527147	FT4	1778142989
S	OO7AIEYN	PM95	-22	126479421	FT4	1778141946
S	A00AKHS/ZP		-2	22788965	FT4	1777997302
S	5Z9	FN42	9	14929162	JTTY	1778168154
S	HINXYXM4CVRO		-16	42223820	FT8	1778064045
S	A0YTE0	PM95	14	71761652	Q65	1778046138
S	518LXMVBEX8	PM95	-12	22892782	FT4	1778144247
S	9U6WPLBJ3IJAC	IO91xx	-3	12679405	Q65	1778092881
S	JWK	IO91xx	-14	39194710	JT65	1777997962
S	/JFF1863RA1RI	FN42	-14	70789002	JTTY	1778095787
S	SFR	FN42	0	13147154	JTTY	1778135340
S	LEF1SC7NTTR0T		-12	81626827	JTTY	1778086881
S	40EBR89E	IO91xx	17	81634915	FT4	1778107539
S	SU0PB6GZ65	FN42	29	103919626	JT65	1777982166
S	VCC4FMR	FN42	15	27529680	FT4	1778030158
S	4RV1FQEUKYGG	PM95	14	94645017	JT65	1777972354
S	IRZPPU	IO91xx	11	80665244	JT65	1778003387
S	4XH6LA3OWI4H	QF22qh	27	140615511	FT4	1778168017
S	KLOF/	QF22qh	5	90333476	JTTY	1778067524
S	9WSE		26	5484586	FT4	1778048511
S	B05F21R	QF22qh	-26	108212724	FT4	1778118937
S	KQ0TXIFZJI6	IO91xx	-30	55272502	JTTY	1777975131
S	6/D/NK6ED	PM95	25	26134822	JT65	1777977386
S	3NQTSZLMQ8	QF22qh	15	135570286	FT8	1778014033
S	LMGZ5IM	IO91xx	28	11757321	FT4	1778005148
S	WYEC	FN42	-22	71458088	FT8	1778093439
S	61/3	QF22qh	18	109338916	JT65	1778091317
S	GNJZOMLCFYQ	IO91xx	-12	132248490	JT65	1778118811
S	FHOQ9E47PP7	QF22qh	-22	29372395	FT8	1778015874
S	EV1	FN42	-24	147684010	FT4	1777997442
S	NSQAUN	QF22qh	28	72610123	JT65	1778044956
S	D/0OEJJ7IA	QF22qh	0	120219743	FT8	1778078417
S	Z30LPNN/2	IO91xx	-26	118913424	JTTY	1778095611
S	P02EINFHLH2	QF22qh	-17	98600150	Q65	1778021162
S	RMD9I	FN42	-8	15075895	FT4	1778072079
S	OMKKFGN	PM95	-2	142806193	FT8	1778009525
S	LMUO	IO91xx	-6	96674498	FT4	1777993474
S	WC50	FN42	27	7279053	Q65	1778013060
S	D4VNSN	IO91xx	21	40911900	FT4	1778042228
S	PPAZ9NIZQO7R	QF22qh	11	75892857	JT65	1778117421
S	LUFJ5C85	IO91xx	-30	129223057	JT65	1778162478
S	0A3Y		11	128885299	Q65	1778040999
S	H7E/MKZS5UP8	QF22qh	-27	70919654	Q65	1778114164
S	4VL027	FN42	-7	135625458	JT65	1778015724
S	7FZO	IO91xx	-18	101415946	FT4	1778115268
S	AXDG3PKS	QF22qh	-19	110048191	Q65	1778122392
S	KB468RN	FN42	-8	133403672	JT65	1778003512
S	4JK3DEJI	FN42	1	16067064	JT65	1778138773
S	LIQ182M6UU	PM95	8	131549085	FT4	1778088268
S	KM/DP	PM95	-11	88139270	JT65	1778033601
S	Y2UDL		11	73005225	Q65	1778048988
S	GUPISP3E	PM95	-27	109925746	FT8	1778084234
S	0ZX64CEROMM87	PM95	30	121667278	JT65	1778112014
S	36F8Q	FN42	-24	112096412	FT4	1778110146
S	/N3YFPZPS	FN42	-20	84873135	Q65	1777990574
S	2HV	FN42	-17	127345927	JTTY	1778104387
S	12FDKNB8X2FQI	IO91xx	-1	118222635	FT8	1778106199
S	1WNQTJO89SRFK	IO91xx	-21	145767611	JT65	1778001543
S	N9J6P63X4	QF22qh	3	147903845	FT8	1778163799
S	CCLCZR	FN42	-30	60295122	JTTY	1778122694
S	715		18	69056786	Q65	1778161856
S	1BCMQDZ	IO91xx	-9	14644484	Q65	1778120054
S	YLHD5GG		4	112363885	FT8	1778061887
S	GD6EWPSWB168	FN42	20	3952328	JTTY	1778116357
S	QM6M1XXEVRB5G	QF22qh	-22	130478222	JT65	1778154354
S	DSTFS/0N		18	91079070	JTTY	1778150049
S	RMP		20	2886623	FT8	1778133857
S	F990F		-16	19398212	FT8	1778157254
S	NGB44C8D5ZUV	FN42	13	105354629	FT8	1778094746
S	YMD	FN42	16	48557090	Q65	1778043043
S	WAVLA	IO91xx	-12	50636821	Q65	1778008570
S	TQN5/BTFIWOG	IO91xx	-25	81679401	JTTY	1778125516
S	LTIG	PM95	12	61420456	Q65	1778075906
S	D5RW	IO91xx	22	50240141	FT8	1777980860
S	KPY	QF22qh	9	80367945	JTTY	1778050641
S	Q06/Z9GIF		-11	121726140	FT8	1778105055
S	/WK/JKY		2	32462968	FT4	1778065026
S	4LSJIUK0A	FN42	18	121278766	JTTY	1778047931
S	IT0	FN42	-3	114228270	FT4	1778139799
S	MIRDB3XQHNK	PM95	-10	5748456	JTTY	1778142682
S	S1KN9OIEZYCDF		-16	29762550	FT8	1778152375
S	C7L8	IO91xx	-28	126820807	Q65	1778093039
S	HVRP1TRHXVY	PM95	-4	69513935	Q65	1778016676
S	90JU21DTD/S9	IO91xx	23	132467855	JTTY	1778009408
S	USAZOEDKJ		11	59900607	FT4	1778133192
S	E4TN751G	IO91xx	1	136504446	FT8	1778055653
S	XCX	PM95	25	59712601	JTTY	1778090360
S	CS/PNH/2088	IO91xx	8	28649236	FT8	1778026913
S	0C9TX	FN42	18	77834499	FT8	1778130598
S	NFRGL6QLL8	PM95	4	147901941	Q65	1778000407
S	0X5/JGFQKB	QF22qh	20	78243543	FT4	1777974732
S	VLNWQL	IO91xx	-15	56561058	JTTY	1778147107
S	E9BYGJ	QF22qh	-24	106140406	JT65	1777989779
S	9ACQRRDE5UF37	IO91xx	-4	111895310	FT4	1778101900
S	KWIKQ5RF	FN42	12	83768511	JTTY	1778060300
S	X8UWB5R052	PM95	-20	114226032	FT4	1777989162
S	9W4O	QF22qh	-17	9673936	FT8	1778130601
S	WEE8M/DJFN8J	IO91xx	-26	82782294	FT8	1778021010
S	YMO98BQ7OHBJR	FN42	-1	47528895	FT4	1778145796
S	159		-8	19288797	Q65	1778028978
S	JVS/9CALP		11	13664588	FT8	1778059980
S	CN0QRF		-19	81835249	Q65	1778106391
S	8FN2BEK555AR	IO91xx	22	86518970	FT8	1778001496
S	2Z5PQW	IO91xx	9	86319457	FT8	1778124235
S	M3VWTHHM	QF22qh	-3	102745526	FT8	1778012240
S	OZ7VRIW	FN42	16	124161817	JT65	1778159673
S	JDBPS9JHLGFZ	FN42	14	45673696	JTTY	1778113315
S	ZW/4S5	FN42	28	87388420	Q65	1778065587
S	Q/0K0TLM2BRF	FN42	-27	57525424	FT8	1778148976
S	/O8GVBXQWU2H	IO91xx	6	118022038	FT8	1778044634
S	QNHOV0FC3G	PM95	-1	100203344	Q65	1777988799
S	SDEARJV0	QF22qh	0	41929257	FT8	1778023087
S	K4G1APA	FN42	5	123703705	JT65	1778106530
S	XMIDH3ED	QF22qh	25	84780564	FT8	1778136410
S	3VP6KEK	IO91xx	-15	20278293	FT4	1778141316
S	SI8E00	PM95	-1	146104626	FT4	1778013212
S	/S8SX	QF22qh	17	89570900	JT65	1778028293
S	QXNYOPWX8	QF22qh	-28	124085088	FT8	1778082659
S	F9M/Q/EM/H	IO91xx	25	2480035	FT4	1778149377
S	Z1GJN5NA47	PM95	23	63243098	JTTY	1778006234
S	565/T	QF22qh	-8	50253999	FT8	1778038554
S	LQEAGA	QF22qh	-21	27349111	Q65	1778044213
S	LQFP	FN42	-9	65053571	FT8	1778076066
S	MPYKJ	IO91xx	11	98310652	FT8	1778002713
S	KL099ZWH	FN42	-9	14299222	Q65	1778066299
S	D1I1PDYR	QF22qh	26	80746031	FT8	1778130562
S	EC/71DSI	PM95	-10	146208469	JT65	1778070808
S	TFAYE	FN42	29	54916564	JT65	1778148242
S	58Q4	QF22qh	-27	137246207	FT8	1778150521
S	D0NNCIYE6MS	FN42	-10	133143672	JT65	1778123240
S	CM/Z	IO91xx	-12	46044421	JT65	1778136668
S	T4HD9/RGF4		-21	14867542	JT65	1777969770
S	WBOUUV	FN42	23	26039286	FT8	1778012789
S	0XLSF	QF22qh	-11	23918256	FT8	1778153591
S	MVIU	PM95	-19	29143640	Q65	1778046923
S	PPPZTJPN	IO91xx	5	95716087	FT4	1778109283
S	BOKGG/NAYNG	FN42	7	17656681	JTTY	1778126102
S	F5L17G3BC	QF22qh	-10	42386511	JTTY	1777970371
S	VQT4B		26	104238624	JTTY	1778031827
S	WRQWHJNHDEC53	FN42	19	69841802	JT65	1778025590
S	7JHV6LR	PM95	-26	61140749	Q65	1778086461
S	JJ9CPN8QY3	IO91xx	13	40640437	Q65	1778015856
S	66X6A8U	FN42	22	46579509	JT65	1778018353
S	4RLWH	PM95	0	128351962	Q65	1778053142
S	IT4W5CL	QF22qh	7	87620116	FT4	1778111564
S	0K5/	IO91xx	4	39173403	JT65	1778018629
S	QL9KA1VM	QF22qh	-18	12628845	Q65	1778016471
S	EZ72207X5B	IO91xx	-11	55301738	JT65	1778159153
S	9J9MHCV2EB	QF22qh	16	98896227	JTTY	1778122589
S	9NGU/YVJ	FN42	18	75049256	JT65	1778140199
S	MHP	PM95	2	147142090	Q65	1778089660
S	6QVXA	PM95	-2	52874449	FT4	1777977494
S	7BUS3NFV	QF22qh	-15	27200161	FT4	1778046160
S	6/ET2FE7	FN42	0	24279966	JTTY	1778073808
S	TJGP	PM95	18	37593907	Q65	1778050288
S	0EY/F2L65	FN42	-3	22711855	Q65	1778057281
S	EP72IPTJ	IO91xx	8	36201759	FT4	1778000023
S	G6AP9C8B6X6O		25	147848335	FT4	1778042223
S	1YJR678HDAY8B	PM95	0	104680250	JT65	1778100748
S	P2F64O	IO91xx	20	128160067	FT4	1778041694
S	MH1L1		19	26987348	FT8	1778089514
S	W/OLJYS40FP	IO91xx	-28	115926233	FT4	1778142724
S	UN6FN4	QF22qh	-25	77108219	JT65	1778068504
S	ZCST8		-1	79799887	JTTY	1778053446
S	803CEI		-24	2463563	FT4	1778037695
S	IG3WSPMY5	FN42	-5	121543934	Q65	1778081952
S	SP3/XAA96B	FN42	-12	126824737	Q65	1778108548
S	YEHS0	FN42	1	60431054	FT4	1778079488
S	/GK31SHA	FN42	-27	47006719	FT4	1778066010
S	7OJ	FN42	-2	103645980	FT4	1778083549
S	XAPO9B6AIE852	PM95	-29	15153771	JT65	1778014214
S	6Z0FPTCGFE		-2	51447566	JT65	1777975677
S	Z34GRP	FN42	20	116197405	JT65	1778082986
S	XE4CL6AW3B	FN42	-21	117784551	FT8	1778130705
S	PVA6HJSQ2	IO91xx	30	120593820	FT4	1778099034
S	6F/H		24	129410227	Q65	1778016757
S	WHTXUX8VH	FN42	-25	15737969	Q65	1778049534
S	S0Q5		3	146189691	JTTY	1778094867
S	KW6HYZS7L3		-30	115853810	JT65	1778059238
S	42A3V/AB4		10	119600941	FT8	1778069588
S	89UMH		-24	60807921	JT65	1778026924
S	1LK	PM95	4	97933874	FT4	1778127843
S	T56T78O8KPT		-26	80713111	JTTY	1778024423
S	EC/FR8D	PM95	-8	68363394	Q65	1777994443
S	8I7E7WJNB4DJL	IO91xx	-29	43518950	Q65	1778020999
S	EQCQN	IO91xx	27	147298087	JT65	1777996412
S	/AV		-13	13902877	JTTY	1778076817
S	AJ/3SLJL		8	115864226	Q65	1778018209
S	WVVX	FN42	1	8969182	Q65	1778165847
S	T6B4MZN	QF22qh	14	63847852	JT65	1778152726
S	6RR77T		29	129520258	FT8	1777983069
S	/06Y5	PM95	0	34076345	FT4	1778132806
S	QD/2M3GN890G	PM95	7	118359708	JTTY	1778005433
S	CZHPMZE	QF22qh	11	62407653	Q65	1778086828
S	J1BCFJC5SRDW	IO91xx	24	72452849	JTTY	1778148243
S	YR1FKBUR7J7		-22	35587263	JT65	1778015675
GO
P	tcp	1	3071738975	2379820006	2295152040
R	K1ABC	FN20	mfsk-skimmer 0.13.1	N/A	N/A
S	DE7MMS95C6	PM95	-30	96036370	JTTY	1778116406
S	M9OMKYEDZ	PM95	30	53669394	FT4	1778158986
S	IOZWS5EE	FN42	-7	75849621	JT65	1778074554
S	9EP0LGL		5	16432234	JT65	1778057330
S	T/CJ	FN42	-7	113998970	FT4	1777977855
S	0U5SBP5YG6	QF22qh	2	136717595	JTTY	1778002168
S	5N8O6JQEZFHQG	FN42	-13	89941365	FT4	1777973531
S	KK0H8	QF22qh	15	34431791	JT65	1778040153
S	W87S8	FN42	-6	120823285	FT8	1777997501
S	BH4B	PM95	-10	128378540	Q65	1778129986
S	BVSV2GM0I	PM95	-30	116047450	JT65	1778154263
S	JUPOW	PM95	7	147343668	JT65	1778117388
S	TA3	IO91xx	-20	78040211	FT4	1778003690
S	BIOXJ/UC/AI93	FN42	4	73770441	JTTY	1778022629
S	LT1ZLODEDDM	FN42	11	73952557	FT8	1778078908
S	XEA/TSKS	IO91xx	30	114664332	JTTY	1778072251
S	SVG0J6F9/	QF22qh	-10	99254976	JT65	1778099204
S	I0875TDLK	QF22qh	29	32750718	JTTY	1778128332
S	K4ZU	FN42	-7	141402049	FT4	1778130195
S	66TXUUWL0GDAS	QF22qh	4	84637538	JTTY	1778096835
S	O8RKP7V9	FN42	-17	6944992	FT4	1778024595
S	HDH		-6	36848445	JTTY	1778002247
S	AFBU4VETN		-12	19483475	FT8	1778070805
S	H81DLM792VAO2	FN42	-12	35977472	FT8	1778065450
S	PYKD2Y4CW	QF22qh	-5	37119706	FT8	1778059992
S	/CZGLAB	IO91xx	-6	130746431	Q65	1778119459
S	CIU5TTMHJ4/U	FN42	4	93694749	FT4	1778023068
S	VTONR3O1ER	IO91xx	-20	86506690	FT4	1778023930
S	PERDYDW0OF8Y2	QF22qh	-4	78733254	FT4	1778058664
S	JL4QCHX/WLZ		-4	112699825	FT4	1778091377
S	F3U6LBNJ	QF22qh	25	102088512	FT4	1777992958
S	G3PSTLJOEVG	PM95	13	45384732	FT8	1778095738
S	ZJDDUU489PZW3	PM95	13	34371550	Q65	1778124580
S	RZWTASXEBZ5		29	124124621	Q65	1778140972
S	LYVEJMG22C3	IO91xx	-21	103230638	JT65	1778117709
S	D/D	FN42	-18	100053880	JT65	1777984340
S	ZUSFWX9OGZ	IO91xx	-16	83458007	FT4	1778034238
S	DVU9T8DD	FN42	20	127245846	FT8	1778164859
S	4A3ZBWE	QF22qh	-17	87580366	JT65	1778163241
S	4P71CPIXZIHQO	FN42	30	135646130	JTTY	1778087346
S	D7PNZKJP7	PM95	7	80151037	FT4	1778057026
S	W8P1	IO91xx	-11	17480054	JT65	1777970432
S	PYKRJRJ/Q	IO91xx	-2	138560273	JT65	1778113947
S	E3NIUD439DM	FN42	13	109347239	Q65	1778148882
S	0I0O5TC	QF22qh	11	82765893	FT4	1778094728
S	KB/0OTGH	QF22qh	-20	50448368	FT4	1778008225
S	MDH2QUVUYRX		7	10212183	Q65	1778111800
S	CNGQ	FN42	0	120072649	JT65	1778043582
S	CAOUFKB1HR		17	46258104	FT8	1778071229
S	PMWR	FN42	-3	40658658	Q65	1778135970
S	JQWG4NL5	PM95	24	86015626	FT8	1778074841
S	NIZRBAOPAY	QF22qh	23	76328501	FT4	1778096095
S	WYWIEHQJQFA	IO91xx	-2	70978703	Q65	1777969498
S	0D0D1PWPJCX	PM95	-22	15373713	JT65	1778129639
S	JHPDGRVS673WL	PM95	-27	27945165	JT65	1778111155
S	WETJLW0BX	PM95	17	87655745	JTTY	1777984306
S	DEKKQ	IO91xx	-19	76196536	Q65	1778136212
S	0KY	IO91xx	-1	59362164	JT65	1778020802
S	F7NX6QF6R		22	123669263	Q65	1778004508
S	/6L9VS		-13	90782947	JT65	1778043629
S	RXUZBX3F8		-24	4647876	JT65	1778064544
S	WNE	QF22qh	23	83050809	JTTY	1778100701
S	F/QSQC8C	FN42	15	10793552	JT65	1778083848
S	/H40I2	FN42	27	47254580	FT8	1778112473
S	BVEVRXOHH	PM95	13	146818610	FT8	1778130340
S	EJIO2T	PM95	-4	20981565	JTTY	1778086277
S	CZ2R	PM95	-5	99338549	JT65	1778018777
S	DS/SS	QF22qh	24	36771646	FT4	1778167160
S	2P2/DEJS/G	IO91xx	-19	142500595	JT65	1778036318
S	GUS	QF22qh	16	68558216	FT4	1778044338
S	2EC	IO91xx	-7	143883325	FT4	1777989485
S	FV4GKCYEQK253	FN42	21	92538990	FT8	1778015678
S	KLG9	PM95	-3	106645553	FT8	1777970689
S	H/NEMT82000	FN42	-30	13922318	JT65	1778047786
S	D1YU9OOFD84	IO91xx	-30	8857801	FT8	1778012306
S	HYOX9177	PM95	-17	56326628	Q65	1778100810
S	YFSS6YHO	QF22qh	25	3242002	FT4	1778022350
S	D8BNUET12P		21	54600840	Q65	1778072668
S	301		1	113397859	FT4	1778032776
S	VHDO2L2Q8S		-4	31819899	JT65	1778010954
S	UNXK3/IDJ7QEG	FN42	21	136563782	JTTY	1777988659
S	5OX2R5LMAE	IO91xx	21	21235327	FT8	1778046316
S	SZXV474U9	QF22qh	13	57845097	Q65	1778157317
S	KLTNQMAG2OSFM		20	140838272	Q65	1778011913
S	VP9ZCAZOV	PM95	13	144449370	JTTY	1778007964
S	KM45		-14	38218864	Q65	1778050586
S	70294SUV	QF22qh	-19	104290560	Q65	1778127764
S	6HC2/	PM95	-18	140347827	FT8	1778098587
S	3EEI7D		-1	87625076	Q65	1778101388
S	N5GAAR7VL	FN42	-1	132939996	FT8	1778016287
S	LC4HR	QF22qh	-25	18703011	Q65	1778136051
S	B3J24UK59	IO91xx	-9	42122009	FT4	1778100101
S	28OAD	PM95	-10	129411643	JT65	1778117880
S	KNX9FA2F3		-14	43604976	JTTY	1778093743
S	3G7FU27CQ	PM95	-24	27981598	JT65	1778010683
S	OXCM6	QF22qh	-6	35997165	FT8	1778168091
S	IZ09	QF22qh	-7	37660327	FT8	1778080582
S	XBDA6HAOJVGJ	PM95	-2	59888944	JTTY	1778037791
S	LFGI/		24	32807104	JTTY	1778077973
S	GAKU4K8GWG827	QF22qh	9	144169635	Q65	1778151828
S	8BO5WD9Z	QF22qh	23	43881585	Q65	1778017475
S	0L/88XNF	PM95	-19	12086272	FT4	1778058791
S	0GLTGOSY	PM95	26	20605619	FT4	1778038830
S	TCPNUAUDA4/ED	IO91xx	17	37267084	FT8	1777985017
S	X6O37PCKPAE	PM95	-1	6358923	FT4	1778042161
S	TV6	PM95	18	135677905	Q65	1777975989
S	KRK2/6KB5E3W	QF22qh	10	136092801	FT4	1777995631
S	IJNIHHD		27	106419049	Q65	1778076079
S	85KB/Y	IO91xx	-9	123914512	FT8	1778066359
S	WRULYADR94S	PM95	-8	146744777	Q65	1778122033
S	E9NYZAOGEO	PM95	17	110407882	JT65	1778093512
S	FHHWEHZMM6T	IO91xx	-22	130010363	FT8	1778020820
S	19C		4	43822264	Q65	1778017075
S	POX	FN42	-9	59685741	JTTY	1778082343
S	3BZV		-24	13457484	FT8	1778054663
S	IJCBT5URZW		14	61426638	FT8	1778103814
S	3U1Q		-5	140960978	Q65	1778129499
S	ZP5IJRB5	IO91xx	-17	145300791	FT8	1778060756
S	5HCSEWFX1ZIPC	QF22qh	18	93681083	JTTY	1778040364
S	JPJG		-8	73064532	FT8	1778011901
S	0U5N3TW5ZIAOR	IO91xx	-30	45021449	Q65	1777985883
S	4VLQQ	IO91xx	-17	69781926	JT65	1778063656
S	MFOITPXGG	IO91xx	14	29385677	JT65	1777989576
S	CTDR8N5I96	QF22qh	5	107423562	FT4	1778054115
S	6LUG/L6W7M9		-9	138111507	FT4	1778129615
S	WMFK3DG1	QF22qh	7	143491450	JT65	1778048504
S	6ZWG	IO91xx	25	94912144	JT65	1778078917
S	9UOCRE5T1A	IO91xx	1	138357324	JTTY	1778056046
S	TAD3	QF22qh	-8	77321781	JT65	1778087447
S	SSH	IO91xx	29	43440288	Q65	1778021833
S	6HAVO	IO91xx	18	65846419	JTTY	1777988813
S	HZ4PHFBM2M1KG	PM95	10	120779875	FT4	1778035421
S	ORIFH0OKDU3		7	58886251	Q65	1778112440
S	7UH3	QF22qh	-8	112115517	FT4	1778145300
S	7NU	PM95	-1	140710382	Q65	1778155851
S	EJN	FN42	-20	31839370	Q65	1778074360
S	JXXWW03SKA		3	68715842	Q65	1778136717
S	QXTZ5XAFSOQ	PM95	-29	133627919	FT8	1778044652
S	OKLUWQ1UQ6VQ	PM95	-12	129980831	Q65	1778090853
S	U33XC/PLUSUI	FN42	-13	119701984	JT65	1778083346
S	OSEI	PM95	-27	82780636	JT65	1778119570
S	A56G	PM95	23	127454767	JTTY	1778106527
S	MC/MT4G7G	IO91xx	-17	29119716	FT8	1778062190
S	N9WSU147U	FN42	-27	123136271	FT4	1778138198
S	5UOI9MT7HY0UC	PM95	17	97354781	JT65	1778010205
S	8JHTG	QF22qh	18	125217948	FT8	1778128077
S	KUXU1	IO91xx	7	127584609	JT65	1778164734
S	XKMAF	PM95	17	85471552	FT4	1778063170
S	SFYW8K8DP/	QF22qh	-8	11020136	FT8	1778014940
S	DWLUCBEX9PX		-21	51237608	FT4	1778107277
S	8/3U4IB946V41	PM95	11	136126590	FT8	1778121600
S	C58CE17//25JB	QF22qh	15	80224639	JTTY	1778012291
S	9CMBIL467	IO91xx	-7	119135374	JTTY	1777999301
S	B9JOY2QG		27	79715590	FT8	1778018035
S	49NWG	FN42	-23	105374350	FT8	1778162328
S	L8LB4Y9UO	FN42	23	28272566	Q65	1778080797
S	NTCZETR4YP		16	102174887	JTTY	1778091945
S	RU8L8GPMT8J	FN42	-13	99677326	Q65	1778124538
S	RYTK	QF22qh	11	28100425	FT8	1777998481
S	NT/H71L3	IO91xx	17	69971949	FT4	1778110903
S	4TK	PM95	-26	2354163	FT4	1778039374
S	E3NXUN7J5MLV	FN42	-21	142406394	Q65	1778123899
S	0138E48S	PM95	-14	103979558	FT8	1778053319
S	PJQEPE	IO91xx	-29	91078864	JTTY	1778085592
S	XND/FVP9S/8U		-20	92843241	JT65	1778123312
S	6IL56YZO1	QF22qh	-17	2660529	JT65	1778011166
S	4NY8ZU3O	IO91xx	16	39998709	JTTY	1778066453
S	ZBVE		7	71617204	FT8	1778049315
S	5J4RCS0VC	IO91xx	10	40868016	JT65	1778120886
S	9VC	FN42	-2	17284186	FT4	1778041037
S	HK2WUFMRX3	FN42	5	30094493	JT65	1778022912
S	LX83Q1		-9	116927434	FT8	1777999969
S	ZWDZ6VSTF	FN42	-6	109334590	FT8	1778105215
S	WOYK7	QF22qh	-7	11169514	Q65	1778159043
S	GA56GYEWPBJJ3	PM95	16	19043744	FT4	1778007962
S	NQ4OJJ		21	29664171	FT8	1778075072
S	M/A32L3YL/ZN	IO91xx	19	126284367	JT65	1777977385
S	M0YDYFR9	QF22qh	-9	7093252	Q65	1778019838
S	5Z1	IO91xx	4	138346980	FT8	1778061440
S	3JZW7		25	21134696	Q65	1777977528
S	01VWXF3	PM95	-5	145910028	FT8	1777982364
S	D3DJ	IO91xx	15	101387509	FT8	1778051557
S	JPDTP	IO91xx	-6	123874808	Q65	1777995952
S	4NIP6NGS5		-7	29897558	FT4	1778164665
S	O09C	PM95	15	68214334	JT65	1778040403
S	G6GVYC5		29	124900013	JTTY	1778049471
S	P6/VN2V8UA8/		30	130347670	FT8	1778131691
S	35CW/LEY	PM95	29	40645591	JT65	1778077231
S	A0YT8QTS40	QF22qh	-9	86532161	FT4	1778069167
S	K1HFL	PM95	-27	94995107	JTTY	1778000208
S	XW7FWJWQNG1PS	FN42	-10	87495880	JT65	1778059637
S	M65/SCO2V	FN42	-5	31123916	Q65	1778009755
S	22WIMUXI9RVM	IO91xx	14	96256496	Q65	1778107688
S	57E	FN42	18	112067166	FT8	1777973955
S	WRH0S	IO91xx	5	20484008	FT4	1778010356
S	AP7XEVCMR	FN42	-7	115396140	Q65	1778145921
S	MUPHUKY9R	IO91xx	7	87260869	JT65	1778123232
S	LBAVGGQU		5	118152434	FT8	1777973070
S	F1W		6	81481228	Q65	1778017156
S	3KOGLJOJK42	IO91xx	0	19816418	JTTY	1778133753
S	6/WIC0SG3ZI	PM95	-10	15895632	JTTY	1778145435
S	MV2MB04		6	28752239	FT4	1778126726
S	SI6R2/	FN42	-3	145789945	Q65	1778146440
S	95IFJ	QF22qh	-22	136190699	FT8	1778069631
S	S6GNB5OF3	QF22qh	19	107229293	FT8	1778161237
S	QVDHYBXY1HQ	IO91xx	-11	69954817	FT4	1777986019
S	27TUGHF4	PM95	-27	133074331	FT4	1778047055
S	79OYCJUGFH	QF22qh	0	145732611	FT4	1778046267
S	K0F/5HXQ1S	IO91xx	21	112360743	JTTY	1777984127
S	29RAU3YC	IO91xx	5	63681831	Q65	1778073968
S	CVXST3XDPQ	FN42	-11	4951889	FT4	1778119442
S	COYRD25N08Z	FN42	1	17951933	Q65	1778099399
S	262BF583	QF22qh	18	106339068	JTTY	1778127564
S	OYU0U	FN42	16	123474188	FT4	1778091514
S	CA5		-19	11018497	FT8	1778105786
S	JMDKTA7MOCKQJ		5	2834784	FT8	1778138127
S	D6W5	PM95	2	127713888	Q65	1778077077
S	P8E	PM95	24	141598585	JT65	1778074099
S	1YQ8NXZN0U	PM95	22	72401051	JTTY	1778084780
S	R335BBNIZ	PM95	-18	46361438	FT8	1778057938
S	AREK		-12	105210295	Q65	1778113078
S	AJZOJUNK4IUPS	FN42	-9	39280884	JT65	1778085922
S	HJ7VHCA9	QF22qh	2	120585830	FT8	1778083183
S	L1USOV7TCA0G		26	88086836	FT4	1778026495
S	3G85UWOE2	PM95	-18	45590099	FT4	1778110415
S	L6SZWX7U		29	58018499	FT8	1777980722
S	Y2MFGGQX	PM95	-12	80008141	FT8	1778100447
S	VJ25VZH	QF22qh	-14	62083398	JTTY	1778087832
S	OFO4CP44ZZYY	IO91xx	5	28177461	FT4	1778098610
S	5K6OG		-15	11404317	FT4	1778163383
S	/1GW05OL/XJE	FN42	-15	106385427	FT8	1778075264
S	EVCB0FIDUV		-26	10302906	JTTY	1777992854
S	FBJ7NGA2XNSD	IO91xx	12	102964902	FT8	1778065518
S	DB2L		-23	37063665	JTTY	1778034491
S	NP9HFLOHPO8	IO91xx	22	40420130	Q65	1777992566
S	FD9879IRRW/QY	QF22qh	24	49365545	JTTY	1778070465
S	/8F/4ZIZEAN	IO91xx	-30	29898696	JT65	1778088043
S	HTDMNCUQ	PM95	0	124738045	JTTY	1778137483
S	GD8LYK2S		-21	144801750	JTTY	1777976720
S	JBE		-6	105987157	JTTY	1778096285
S	7J439I6NS		-22	89555323	JTTY	1778104299
S	XM69FLKYU7XI	PM95	-9	112686696	JTTY	1777976443
S	LWHNS8661VI	QF22qh	-23	98934162	JT65	1778051842
S	FKU	IO91xx	-11	36017640	FT8	1778038029
S	GKNWOOOS3DD0	FN42	-20	9545080	FT4	1778056065
S	Y/ZWB/Q	QF22qh	30	130474545	Q65	1778112239
S	UTKVIGDV8RE	PM95	20	141769806	JTTY	1778060319
S	LQ4	QF22qh	6	122059586	JT65	1778145133
S	AY0A	QF22qh	17	132988839	FT4	1778157582
S	EBF	FN42	4	126109758	Q65	1778068892
S	J9CSCV72E3G	QF22qh	3	140378493	JT65	1778029126
S	OPE380VUU	QF22qh	-14	74102595	FT4	1778117167
S	Z6OVKS		5	17587698	JT65	1778148719
S	PUI4Q96R0	IO91xx	27	92628669	FT4	1778117948
S	9M1/ECZ1ENTGX		-13	91584064	FT8	1777990654
S	EHAG7AY3M/K2Q	QF22qh	-11	122924555	JTTY	1777978106
S	1VF48	PM95	3	124871874	JT65	1778003582
S	0867CGDOAR	FN42	22	71272913	FT8	1778167775
S	9/AQOVAYO0M	QF22qh	-12	143406091	JTTY	1778084972
S	FVF7GDDL38	FN42	22	51143668	FT8	1778029366
S	Z/OBWQ		-5	105729450	Q65	1778089520
S	CCXL1F/373X	IO91xx	11	71503995	FT8	1778079044
S	U1WPLE6	IO91xx	5	103145148	JT65	1778017292
S	654WCW2M0CPU	QF22qh	-12	124351933	Q65	1778139642
S	D2WWBPVFI	FN42	2	138404815	JTTY	1778021261
S	JZ4JY27E	FN42	8	34776396	JTTY	1778167376
S	BSV/O		17	56495649	FT4	1778136470
S	0LB3KRZIUZ1JN	QF22qh	-16	59741966	FT8	1778020433
S	60CPC	PM95	-7	30959447	FT4	1778122837
S	C28KQE	FN42	17	60647372	JT65	1778143139
S	Z5400VE8/1	QF22qh	-27	142097527	JT65	1778090086
S	479PWR93V	QF22qh	21	64686230	JTTY	1778048275
S	LN1M		27	124708655	FT8	1778046047
S	WS4PJ	FN42	-19	61820507	FT8	1777995140
S	5B3VKJRHUJAQL	IO91xx	-6	24120482	JTTY	1777972227
S	SM6OMNV4QL5	FN42	9	12850332	JT65	1777978270
S	1Y2R	PM95	-23	52461161	FT4	1778087359
S	Z4ML		-24	59902844	JT65	1777986191
S	7M6		25	37213367	JTTY	1777985921
S	HO9H99		18	112592449	FT8	1778102771
S	/CNHYXY	PM95	0	39795397	JTTY	1778152485
S	CVY	PM95	-5	113505381	FT8	1778065546
S	WGNMQA8		-17	53182598	JTTY	1777979275
S	7814V	FN42	-19	109919359	Q65	1778091828
S	YV4		11	140632921	FT4	1778079422
S	7Z4HJYSH	PM95	-30	2562772	FT4	1778067696
S	S033		4	30921091	FT4	1778072576
S	09EHW	QF22qh	-1	120281220	Q65	1778049548
S	KVVEFGS8/		24	48792050	JTTY	1778004940
S	E7GV01	IO91xx	-17	14639685	Q65	1778004264
S	/KK2U	PM95	-10	84769605	FT4	1778062714
S	33A5Y57A	IO91xx	30	101112216	JTTY	1778090822
S	2SSLUL	QF22qh	-13	146827076	FT4	1778060123
S	E5B9J	PM95	13	26255092	JTTY	1778027225
S	PVKE4ZR	IO91xx	-24	129617717	JTTY	1778144566
S	PK8A4A3T4	FN42	-1	41145884	JT65	1778020576
S	96NFHT1	PM95	12	31425292	Q65	1778045775
S	CQK8W	IO91xx	-26	99216031	Q65	1778113095
S	VXRGW3E/		-8	51615468	FT4	1778015237
S	K96V0	IO91xx	23	135230162	Q65	1778074694
S	BERJ06WJX5		20	73583277	FT4	1778060311
S	IR5TGP/R9/86	QF22qh	-11	87790997	JTTY	1778002402
S	6HSSI0UZDJT	IO91xx	-7	136524454	FT4	1777985915
S	LGU4CL	PM95	27	41832245	JT65	1778158532
S	5YQOPXIVZ3SP0	QF22qh	-13	81535075	FT8	1777979756
S	CAE	QF22qh	-21	144512245	JT65	1778151335
S	LS2EEGR1I7		20	65101497	FT4	1778023864
S	FIR2C3	QF22qh	-4	89354415	JT65	1777992991
S	BR1IL0ADBY	FN42	16	146248500	JTTY	1778111623
S	LSD3FOW3I5P32	FN42	9	43203796	Q65	1778050053
S	EOV0Y4	PM95	-1	10750074	Q65	1778034340
S	T7I0I0OCHHY	FN42	28	58884188	FT8	1778109176
S	MS5J72MQ	PM95	19	127816567	Q65	1778009600
S	N/FBVJOIPWPL	PM95	-2	117782760	JTTY	1778058884
S	JHHS6M		-25	60673721	Q65	1778102507
S	XA92/N7M95	IO91xx	-12	67819484	FT8	1778050941
S	4J92YK9NOOBKP	FN42	18	62512264	FT8	1778111865
S	ZGPFLMHUD3N	PM95	1	29689232	JT65	1778072859
S	N3CY3V4P	PM95	23	128829725	JTTY	1778138809
S	2Q29LM2B6R70	QF22qh	-11	78648832	FT8	1778041912
S	3QS7U1N	PM95	-26	12336959	FT4	1777978048
S	NFIYUB6K	PM95	18	15936504	JT65	1778019978
S	LW6		-23	133544197	JT65	1778029772
S	VEFWCDJ	FN42	-1	114249121	Q65	1778136507
S	SMYBZQ/N		-13	50719581	JT65	1778024076
S	7315K3/64S9	QF22qh	18	17451512	Q65	1778054805
S	RLH7CW8ZW6	IO91xx	29	5919254	FT8	1778090891
S	X38/6IBX88RS	IO91xx	6	13932460	FT8	1778134213
S	MN21	QF22qh	-19	32356392	Q65	1778017485
S	TLA119UE		-13	7388672	JTTY	1777986153
S	8Y1	IO91xx	-16	81805369	FT4	1778123165
S	H698JI	IO91xx	11	138676831	FT4	1778035920
S	P2D4Z54QI/85	IO91xx	0	2609860	FT8	1778061010
GO
