# message <TAB> deCall <TAB> grid <TAB> post (standard messages only), from WSJT-X v3.3.0-beta1 (scripts/pskreporter/spot_oracle.cpp; stdmsg_ is the real Fortran)
  K1ABC  W9XYZ  EN37 			0
123			0
123456789ABCD			0
73			0
<...> W9XYZ -05	W9XYZ	-05	0
<K1ABC> 73	73		0
<K1ABC> <...>			0
<K1ABC> DX	DX		0
<K1ABC> RR73	RR73		0
<K1ABC> RRR	RRR		0
<K1ABC> TNX	TNX		0
<K1ABC> W9XYZ -05	W9XYZ	-05	0
A			0
CQ 123 K1ABC FN42	K1ABC	FN42	1
CQ 5W9XYZ AA00	5W9XYZ	AA00	1
CQ A K1ABC	K1ABC		1
CQ DX K1ABC	K1ABC		1
CQ DX K1ABC FN42	K1ABC	FN42	1
CQ EU DL1ABC JO62	DL1ABC	JO62	1
CQ JA1ABC/R PM95	JA1ABC/R	PM95	1
CQ K1ABC FN42	K1ABC	FN42	1
CQ K1ABC/P FN42	K1ABC/P	FN42	1
CQ NA K1ABC	K1ABC		1
CQ PJ4/K1ABC	PJ4/K1ABC		1
CQ POTA K1ABC FN42	K1ABC	FN42	1
CQ TEST K1ABC FN42	K1ABC	FN42	1
DE <K1ABC>	K1ABC		0
DE K1ABC FN42	K1ABC	FN42	1
K1ABC <...> RR73			0
K1ABC <W9XYZ> EN37	W9XYZ	EN37	1
K1ABC RR73; W9XYZ <KH1/KH7Z> -08	KH1/KH7Z	-08	0
K1ABC W9XYZ	W9XYZ		0
K1ABC W9XYZ -12	W9XYZ	-12	0
K1ABC W9XYZ 73	W9XYZ	73	0
K1ABC W9XYZ EN37	W9XYZ	EN37	1
K1ABC W9XYZ R EN37	W9XYZ	EN37	1
K1ABC W9XYZ R RR73	W9XYZ		0
K1ABC W9XYZ R-12	W9XYZ	R-12	0
K1ABC W9XYZ RR73	W9XYZ	RR73	0
K1ABC W9XYZ RR73 	W9XYZ	RR73	0
K1ABC W9XYZ RRR	W9XYZ	RRR	0
POTA <K1ABC>	K1ABC		0
QRZ K1ABC FN42	K1ABC	FN42	1
QRZ W9XYZ	W9XYZ		0
TEST <K1ABC>	K1ABC		0
TU; W9XYZ K1ABC R 579 MA	K1ABC		0
W1AW K1ABC +03	K1ABC	+03	0
W1AW K1ABC R+03	K1ABC	R+03	0
W9XYZ K1ABC 579 MA	K1ABC	579	0
W9XYZ RR73; K1ABC <KH1/KH7Z> -08	KH1/KH7Z	-08	0
cq k1abc fn42			0
123 <K1ABC>	K1ABC		0
<...> W9XYZ	W9XYZ		0
DX <K1ABC>	K1ABC		0
JA1XYZ <...>			0
JA1XYZ <K1ABC>	K1ABC		0
K1ABC K1ABC	K1ABC		0
QRZ <K1ABC>	K1ABC		0
TNX <K1ABC>	K1ABC		0
CQ K1ABC	K1ABC		1
DE K1ABC	K1ABC		0
JA1XYZ K1ABC	K1ABC		0
K1ABC <K1ABC>	K1ABC		0
W9XYZ <K1ABC>	K1ABC		0
<...> <...> RRR			0
<K1ABC> <K1ABC>	K1ABC		0
DE W9XYZ	W9XYZ		0
FN42AB <K1ABC>	K1ABC		0
