# word <TAB> Radio::is_standard_callsign <TAB> decoded_grid_pattern, from WSJT-X v3.3.0-beta1 (scripts/pskreporter/spot_oracle.cpp, mode TOKEN)
/7075M0Z	0	0
/BTEOODS	0	0
/PGGC	0	0
/ZBY	0	0
0	1	0
00JJP9	0	0
0119UT	0	0
01PL	0	0
03S9A	0	0
03XBJDIG	0	0
04I	0	0
04IVB	0	0
0617400	0	0
08	0	0
08U	0	0
08Y3V8	0	0
0A	1	0
0ANOY/	0	0
0B	1	0
0E75G1B	0	0
0EU	1	0
0F4N	1	0
0GK	1	0
0J6	1	0
0L7KA	1	0
0N8ZPVR1	0	0
0O	1	0
0OHUGPK	0	0
0PL9QK	0	0
0ROO	1	0
0SA8QL	0	0
0T1Q5CW4	0	0
0TY8MNX	0	0
0UPUOAJ	0	0
0UU	1	0
0UVVH	0	0
0V	1	0
0V5VQ	1	0
0Z	1	0
0Z9KH	1	0
1	1	0
11FUIO	0	0
123UL	0	0
133PPTVS	0	0
13SJ0Q12	0	0
13T67OU6	0	0
14E5AMCS	0	0
15	0	0
16561R	0	0
18	0	0
18NAGIO	0	0
19NCNA	0	0
19VQ4T	0	0
1A5MI1	0	0
1ABC	1	0
1CSENZ2	0	0
1DS	1	0
1DS56	0	0
1DUPKGE2	0	0
1E	1	0
1GD	1	0
1GLJ1J/K	0	0
1HF	1	0
1IUC2GF	0	0
1IXR1J5H	0	0
1Q	1	0
1Q85F	0	0
1S0DY2FT	0	0
1S1NR	1	0
1VZFKB3J	0	0
1Z9F	1	0
21YUY	0	0
22E	0	0
24F2	0	0
25MSX	0	0
25NKTN	0	0
2768Z	0	0
27PA8L	0	0
28IKDE	0	0
2B	1	0
2BNU08	0	0
2F	1	0
2G	1	0
2H7F	1	0
2HMHQM	0	0
2I	1	0
2J	1	0
2JLWPL1	0	0
2JRQ	1	0
2JX0	0	0
2K2NL	1	0
2O/7TRS2	0	0
2OH3O	0	0
2PBN	1	0
2PZY7H	0	0
2QIPRJ	0	0
2R	1	0
2S6P	1	0
2T2EG6B	0	0
2TB145Z	0	0
2U	1	0
2U7L	1	0
2UA48P	0	0
2X	1	0
2X31	0	0
2XK	1	0
2Y2YX9	0	0
2YSEOG	0	0
3	1	0
30	0	0
306LIML5	0	0
32N1	0	0
33OGFSV	0	0
33VEL74	0	0
341S	0	0
367G	0	0
37XDZ3	0	0
3A2XH	1	0
3DA0RS	0	0
3EZFO6	0	0
3FY1	0	0
3G8HGV	1	0
3G9XPZ5	0	0
3GG76	0	0
3ILWB	0	0
3IZ1WZ	0	0
3JKDJRU	0	0
3KS8	0	0
3L	1	0
3L0CP	1	0
3LVIEBHS	0	0
3OAFND	0	0
3OR442AT	0	0
3P0OH	1	0
3T	1	0
3WK7X8Y	0	0
3XO7200	0	0
3Y1ILTJU	0	0
3YGOPG0	0	0
4	1	0
40LUY	0	0
43H3Q8PA	0	0
45RN	0	0
47WNECF	0	0
48M40ZC	0	0
490I	0	0
4A	1	0
4AYL4	0	0
4BD7F	0	0
4BOF7S0	0	0
4DO4	0	0
4F0MPT	1	0
4HYPO/OC	0	0
4I	1	0
4J9	1	0
4JAT2	0	0
4L	1	0
4L64CO	0	0
4LX5	0	0
4N20UR4	0	0
4NL73	0	0
4NXGBBE5	0	0
4O	1	0
4OY	1	0
4QP583	0	0
4QUQU65	0	0
4T	1	0
4T4WTWG	0	0
4T8CC	1	0
4TH	1	0
4ZB	1	0
4ZW5M6H3	0	0
5	1	0
5/U	0	0
50445NSS	0	0
52HLI8	0	0
530EXBCV	0	0
53F4ET	0	0
53FQB	0	0
56R	0	0
5E	1	0
5FZMJ	0	0
5G3	1	0
5G524EI	0	0
5GABOY	0	0
5J	1	0
5KD	1	0
5L	1	0
5MEL6KU	0	0
5NB0F	0	0
5O9POS	1	0
5RHIO	0	0
5RM6KWEW	0	0
5THBQ83U	0	0
5VRED	0	0
5VTX	1	0
5W	1	0
5W1SA	1	0
5WBZT9I	0	0
5WYUBAZW	0	0
5X	1	0
5YSN0OR	0	0
6	1	0
600H2F	0	0
61Y	0	0
62C	0	0
62YNF	0	0
630	0	0
63A8	0	0
64QPCZRY	0	0
65	0	0
65T8WZFM	0	0
66IEH5	0	0
67BOCXY	0	0
68HQO35	0	0
69FELR3	0	0
6B	1	0
6BLS	1	0
6C	1	0
6DEG	1	0
6DIF	1	0
6DSIS1U	0	0
6H3	1	0
6H6ZMFDD	0	0
6HEVG3Q	0	0
6JBLJ4H	0	0
6JY	1	0
6KE7NOVU	0	0
6KM4VHF	0	0
6L	1	0
6OJ1H0Z	0	0
6Q	1	0
6RBC	1	0
6RJ	1	0
6TO9A8IO	0	0
6UF	1	0
6X	1	0
6ZC6YWLY	0	0
6ZDI	1	0
6ZR	1	0
7	1	0
73	0	0
737J6	0	0
75E	0	0
75W9	0	0
77W50C	0	0
79VT85	0	0
7A5	1	0
7CH0WSPX	0	0
7DM9MC	0	0
7DVVU97	0	0
7GDGYWC	0	0
7GVQ	1	0
7KAOUZ	0	0
7KTUWX	0	0
7LEU8	0	0
7MUA5	0	0
7O	1	0
7OL9NE	0	0
7OTN4A	0	0
7P	1	0
7PCJET56	0	0
7RDX6NP	0	0
7T6	1	0
7VTCXVYU	0	0
7WB8O1M	0	0
7X0LLOMF	0	0
7XU9E	0	0
7Y1A8	0	0
8	1	0
81	0	0
82	0	0
82U	0	0
82WJ5	0	0
867QM	0	0
88UQUG9T	0	0
88V	0	0
88X3124K	0	0
89FY	0	0
89IG2	0	0
8ALOH6Y	0	0
8E0CLKF	0	0
8FB9IJ5	0	0
8HC1	0	0
8LWC	1	0
8MLZW	0	0
8N02	0	0
8O09/	0	0
8OO	1	0
8PX	1	0
8QM9	0	0
8SADP	0	0
8TL/X	0	0
8TU	1	0
8VTH	1	0
8W3SR28H	0	0
8XPBH	0	0
9	1	0
907C5UMB	0	0
90I	0	0
91CUZR	0	0
91SJL	0	0
9287VW	0	0
93	0	0
944PTOT0	0	0
94TV6Z	0	0
97	0	0
99	0	0
9A1A	1	0
9AAOB	0	0
9G/DN	0	0
9H2MYR7	0	0
9HX	1	0
9J0S	1	0
9J83	0	0
9JBQO6DA	0	0
9KS	1	0
9MBD2	0	0
9OZICOU	0	0
9P6F	1	0
9SXX8I	0	0
9SZM	1	0
9UZFBT8Y	0	0
9V4M8DEL	0	0
9V8RFC	1	0
9VV4	0	0
9W	1	0
9W9	1	0
9X237X	0	0
9XF	1	0
9XW	1	0
9YQBBQ	0	0
9Z	1	0
9Z0G6RA	0	0
9Z4DNHD/	0	0
A	0	0
A03R/R	1	0
A05WFY	1	0
A09CP/R	1	0
A1	1	0
A26J/P	1	0
A61	1	0
A61B	1	0
A6X	1	0
A95JRH2	0	0
A9ABC	1	0
A9TGB5R	0	0
AA00	0	1
AA7L/R	1	0
AB	0	0
AB12	0	1
ABC	0	0
ABV6D95Y	0	0
AC1O/R	1	0
ACN3NF	0	0
AD1BL	1	0
AFFD	0	0
AG38	0	1
AG6/R	1	0
AG9SOR	1	0
AH	0	0
AJ3W/P	1	0
AJ7/P	1	0
AKJ	0	0
AN63N	0	0
AP	0	0
AP3SD	1	0
AQ4T8U	0	0
AQ7/R	1	0
AQ9GGM/P	1	0
AT0WA	1	0
ATRPPBT	0	0
AU6T	1	0
AWFY	0	0
AY1E/P	1	0
AY9MFC/R	1	0
AZ7XU/R	1	0
B	0	0
B1KQAJ2	0	0
B1R1BD8	0	0
B3G	1	0
B3S	1	0
B535HL	0	0
B6I	1	0
B7	1	0
B70	1	0
B75	1	0
B9	1	0
B90VQNDI	0	0
BAK3X3V	0	0
BB6MN/R	1	0
BB7	1	0
BCX	0	0
BD07T	0	0
BE4LH	1	0
BG0QJR	1	0
BG7GL	1	0
BHC	0	0
BK3XCQ/R	1	0
BKAQ4Y	0	0
BL	0	0
BNJETE	0	0
BO2H	1	0
BO2QK	1	0
BP5ZSH/P	1	0
BPAE6FE4	0	0
BQ7BYN/R	1	0
BRD2MA	0	0
BS79	0	0
BT1/R	1	0
BT2T	1	0
BU3T	1	0
BWMLS	0	0
BX2	1	0
BX8P/P	1	0
BZ	0	0
BZ1GC9	0	0
BZV0	0	0
C	0	0
C08E	1	0
C0ZAJ0FN	0	0
C13EWB/R	1	0
C16K/P	1	0
C1J	1	0
C21O/P	1	0
C34LV	1	0
C4YK	1	0
C5DR	1	0
C76DWW/P	1	0
C8DP0WV	0	0
C93/P	1	0
CB1R	1	0
CBJIRI	0	0
CD6CLQV	0	0
CES	0	0
CF6ETQ/P	1	0
CFEI	0	0
CFSI	0	0
CG	0	0
CG1	1	0
CG1HW/R	1	0
CG8/P	1	0
CHB5Z8	0	0
CI	0	0
CI9QLX	1	0
CJ4MS	1	0
CKAV	0	0
CL	0	0
CLVX	0	0
CM6XD	1	0
CN5	1	0
CNWF	0	0
CO9KBO/P	1	0
COMMXLQA	0	0
CP	0	0
CPP96	0	0
CQ	0	0
CQ4	1	0
CQACT	0	0
CQR17	0	0
CUGD7W92	0	0
CV87	0	0
CVUA7Y	0	0
CW3TGO/R	1	0
CW7UWV/P	1	0
CX	0	0
D	0	0
D1	1	0
D12	1	0
D3YJH6	0	0
D45W/P	1	0
D63QA	1	0
DA0	1	0
DAFTK	0	0
DD/I	0	0
DE	0	0
DE2V	1	0
DEVVCUTE	0	0
DF	0	0
DG5	1	0
DG5B8PO	0	0
DGM4D8J	0	0
DI1	1	0
DJDJD2UF	0	0
DK5XPA	1	0
DKTU	0	0
DP9SSV/P	1	0
DPGNOO	0	0
DPPM6X	0	0
DQHU	0	0
DV6GE	1	0
DVT7D	0	0
DW3YW/P	1	0
DW6GCJ/R	1	0
DX8I/R	1	0
E	0	0
E091	0	0
E31XMS	1	0
E35FM	1	0
E3P874	0	0
E5	1	0
E50FC/P	1	0
E65BEL/P	1	0
E6VALKA	0	0
E7	1	0
E74DV/R	1	0
E78C	1	0
E7U8Q4W	0	0
E95E	1	0
E9JK8PO0	0	0
EB0LV2	0	0
EC6W2VZ	0	0
ED0W55	0	0
ED7E	1	0
EE1Q6U0X	0	0
EFCB	0	0
EFI6L8	0	0
EG0HK	1	0
EG69J02V	0	0
EH1U/R	1	0
EJ1CW	1	0
EJKDWC	0	0
EK5/P	1	0
EL22OZ8	0	0
EMV	0	0
EN	0	0
EN37	0	1
EN37AB	0	1
EQ6ZIH	1	0
ER3V	1	0
ER3YZ/P	1	0
ER7R/R	1	0
ERZI2R	0	0
ET7ZGK	1	0
ETM17	0	0
ETX	0	0
EU1X/R	1	0
EW5O	1	0
EWF	0	0
EX1J/R	1	0
EXKIY	0	0
EYOZ5PKL	0	0
EZ3/R	1	0
F	0	0
F0X39GC	0	0
F18K	1	0
F18M/P	1	0
F2RAS	1	0
F42/P	1	0
F4T	1	0
F56SA/P	1	0
F62F/P	1	0
F7	1	0
F7T	1	0
F87ZH	1	0
F99LEU	1	0
F9HDKYBL	0	0
F9S	1	0
F9T	1	0
FB2/P	1	0
FC	0	0
FC4FVLH6	0	0
FC8U95N	0	0
FCI70RVL	0	0
FDHDZOI	0	0
FF3EL/P	1	0
FGDIE8	0	0
FI0T06C	0	0
FJ3W/P	1	0
FJM	0	0
FKF0JW	0	0
FL	0	0
FLE	0	0
FN3EV	1	0
FN4	1	0
FN421	0	0
FN42xx	0	1
FQDQV	0	0
FQFBZS	0	0
FQKO6	0	0
FR1XJL/R	1	0
FS1	1	0
FT	0	0
FT5PA2	0	0
FT6	1	0
FVDAV6	0	0
FVPNAQ5	0	0
FWFGRS/	0	0
FXDF	0	0
FXKDZXK	0	0
FXM	0	0
FZ0WQV	1	0
FZ7	1	0
FZFVI0	0	0
FZPC81	0	0
G	0	0
G02GJXO	0	0
G15FX/P	1	0
G2FNEFA	0	0
G4	1	0
G5O1ZMFB	0	0
G68QIY	1	0
G75GK	1	0
G7CZ1	0	0
G7L344VP	0	0
G7M7	0	0
G8MG34X0	0	0
G8ZXXXFL	0	0
G9MM	1	0
GA7SF/P	1	0
GB1PVV	1	0
GB9PSQ/R	1	0
GC4O	1	0
GC9	1	0
GCYJ5	0	0
GDNFSAS	0	0
GDRG9E6M	0	0
GFR6D	0	0
GG8/P	1	0
GGJT	0	0
GH	0	0
GH2QO/R	1	0
GH5UW/R	1	0
GI22DKP	0	0
GI3VL	1	0
GJ2	1	0
GJ9U	1	0
GJWMR7	0	0
GK	0	0
GL8Q	1	0
GO2JZ	1	0
GO7YKE	1	0
GP7/R	1	0
GR8	1	0
GS6FC/P	1	0
GUFGQDBM	0	0
GUV3NG8X	0	0
GW4NAT	1	0
GWJDW	0	0
GXTTSZ	0	0
GY7F/P	1	0
GYU2	0	0
GZLG3NON	0	0
H0XAM2	0	0
H1	1	0
H1A5	0	0
H2B2ST	0	0
H49/R	1	0
H49SX	1	0
H50JY	1	0
H51JQB/R	1	0
H6F82I	0	0
H75W/R	1	0
H78/R	1	0
H7TZP8L	0	0
HANRH2K	0	0
HC0/P	1	0
HC0AQK	1	0
HCD9	0	0
HDA1TN	0	0
HES	0	0
HFR	0	0
HFU229T8	0	0
HH0Q	1	0
HI	0	0
HI0/R	1	0
HJODQL7U	0	0
HK5/P	1	0
HK6HQ/R	1	0
HKJ	0	0
HKJ3	0	0
HL7TX	1	0
HLKSP	0	0
HM	0	0
HM1PG0DS	0	0
HM7SZ/P	1	0
HM9	1	0
HN4ZZ	1	0
HO	0	0
HO07I	0	0
HP5PO9VR	0	0
HPJSUPP4	0	0
HPMB2B	0	0
HQEPMU	0	0
HS607	0	0
HU	0	0
HU2	1	0
HUPNHJXI	0	0
HV	0	0
HV0M3NP0	0	0
HVQ9VH	0	0
HVVJBE	0	0
HW	0	0
HW9MG	1	0
HYE1WYS	0	0
HZV	0	0
I	0	0
I00XIM/R	1	0
I29	1	0
I2G8VW9	0	0
I2N5M	0	0
I3	1	0
I35XC	1	0
I38JLCH	0	0
I42G4D4	0	0
I4FMD46	0	0
I7X	1	0
I87QQCRC	0	0
I8O	1	0
I935KAU	0	0
I9Q	1	0
ICU2	0	0
IFQ	0	0
IFS8	0	0
IGC5TZ	0	0
IH	0	0
IH4TI	1	0
IHTMO	0	0
II7YWA	1	0
IIKG1	0	0
IJUXLBFC	0	0
IK3/R	1	0
IKK1DI3C	0	0
ILX	0	0
IM1/R	1	0
IM1UZH	1	0
IM98PPK	0	0
IN	0	0
IO1G	1	0
IRPL	0	0
IS94SQP9	0	0
ISF930	0	0
IT6/P	1	0
ITBGK4UP	0	0
ITMZK	0	0
IUD	0	0
IW	0	0
IWTPE75H	0	0
IX3NV81	0	0
IY5B/P	1	0
IYOH6	0	0
J	0	0
J01LBG/R	1	0
J04LX	1	0
J0B	1	0
J0W9YA	0	0
J2O4IN3Q	0	0
J3UAR	1	0
J4	1	0
J4G1XJ8L	0	0
J4K554NY	0	0
J5BUYP8	0	0
J7NXL3CX	0	0
J87	1	0
J88XY	1	0
J95F5	0	0
J9J1BE	0	0
JA1XYZ	1	0
JB17MDQ	0	0
JBJDWAJ5	0	0
JC7S/R	1	0
JD2DBP/P	1	0
JD4XQT	1	0
JDC	0	0
JE5HO/R	1	0
JHHYM	0	0
JI2OUJQN	0	0
JI7/R	1	0
JJ7GQ/R	1	0
JL1NIE	1	0
JLGJIV	0	0
JMA8QYT	0	0
JNKLE	0	0
JO0	1	0
JQHFAWT	0	0
JR32F1OA	0	0
JRGPSSDK	0	0
JS1	1	0
JSM5JJC6	0	0
JT	0	0
JT9	1	0
JTCH3J	0	0
JTLHMK2E	0	0
JTSXAV	0	0
JUV0AWQC	0	0
JV7/R	1	0
JV9UEUOS	0	0
JW5PLY	1	0
JWVTL3E	0	0
JXEIJ	0	0
JXU6D	0	0
JYJA6QY	0	0
JYMWWZW	0	0
JYW72R2	0	0
JZ2SF/P	1	0
K	0	0
K00B/R	1	0
K1	1	0
K17V	1	0
K1ABC	1	0
K1ABC/M	0	0
K1ABC/P	1	0
K1ABC/QRP	0	0
K1ABC/R	1	0
K1ABCD	0	0
K48FO8VY	0	0
K64UAU	1	0
K65229F	0	0
K86E	1	0
K96YC/P	1	0
KA1	1	0
KALP	0	0
KAX	0	0
KB3FP	1	0
KC5	1	0
KE5	1	0
KF	0	0
KF5	1	0
KFO2ZC4X	0	0
KG7Q/P	1	0
KGDE7CI	0	0
KH6WAB	1	0
KHZI	0	0
KJAMKO	0	0
KL1D	1	0
KLY	0	0
KMSU2	0	0
KN3F	1	0
KN8IAJ	1	0
KNOHF	0	0
KOODT	0	0
KOWQR	0	0
KPOLLM	0	0
KPOQDBD	0	0
KR6LA	1	0
KRISAP2D	0	0
KT3KJ	1	0
KU4	1	0
KUTL0	0	0
KWN	0	0
KX6ZOH/P	1	0
KY9KOT	1	0
KYBM	0	0
KZ3WB/P	1	0
L	0	0
L1B03C	0	0
L1XP9QY	0	0
L35L	1	0
L4UZQU	0	0
L6I0F3X6	0	0
L7	1	0
L7C	1	0
L7LJ036B	0	0
L96CJ	1	0
LA0JP	1	0
LCUM	0	0
LD	0	0
LD0P/R	1	0
LD3BGG/R	1	0
LE7F/P	1	0
LEBQO	0	0
LED4A13	0	0
LHWQZE0W	0	0
LI1GIN	1	0
LK7H/R	1	0
LM0TF	1	0
LM6T/R	1	0
LMM7DW50	0	0
LO6	1	0
LO71W	0	0
LOPP96	0	0
LPII4JNM	0	0
LQKPN2SG	0	0
LR8NSM	1	0
LRT5F	0	0
LS1	1	0
LSZI56P6	0	0
LTDCKKM	0	0
LU4V	1	0
LU6VGZ/R	1	0
LUOFNZOX	0	0
LW	0	0
LWR8QXMY	0	0
LWS	0	0
LZPYD71	0	0
LZX9	0	0
M	0	0
M00BIL/R	1	0
M04KYNA	0	0
M09GQJ	1	0
M1	1	0
M10OBL	1	0
M12W	1	0
M2CLDEB4	0	0
M3UL	1	0
M46N	1	0
M5	1	0
M5J6VAH	0	0
M5ZTD65	0	0
M6GMGNTO	0	0
M76Q/R	1	0
M82NJN	1	0
M99S/P	1	0
MA1HFX	1	0
MCZO	0	0
MF1	1	0
MF1S/R	1	0
MFT31E	0	0
MG	0	0
MG5ZOK	1	0
MGYA1	0	0
MJN3X35	0	0
MKM7	0	0
MLC7	0	0
MLG	0	0
MM	0	0
MM1AJ/R	1	0
MM5VL	1	0
MNW	0	0
MOMTHFW	0	0
MP8	1	0
MQ4/R	1	0
MSBB	0	0
MT	0	0
MTK3	0	0
MUUWUPK	0	0
MV	0	0
MZ1	1	0
MZO5BR	0	0
MZP	0	0
N	0	0
N0AHZ1PC	0	0
N0CALL	0	0
N1	1	0
N25DTT	1	0
N2HQ	1	0
N31	1	0
N32/R	1	0
N3K9VH2	0	0
N3V1R	0	0
N49	1	0
N4H3HLMY	0	0
N50S/R	1	0
N6QMU	1	0
N7	1	0
N78W	1	0
N88G/R	1	0
N8TT	1	0
NA	0	0
NCNUXT	0	0
ND4G/R	1	0
NDA	0	0
NE27B/	0	0
NE2L/R	1	0
NE6INO	1	0
NE7/R	1	0
NFU	0	0
NH1FMW	1	0
NI8Y/P	1	0
NJ6	1	0
NMDGC	0	0
NOKQ17/F	0	0
NR	0	0
NR2ICLB9	0	0
NR8Q	1	0
NS1TGO/R	1	0
NS3/P	1	0
NSPJB	0	0
NSTYQY1	0	0
NT	0	0
NV	0	0
NV3H/R	1	0
NVTPC7	0	0
NW3XN1	0	0
NX0FU	1	0
NY9NUOW8	0	0
NZ2Q	1	0
NZ4LHT	1	0
O	0	0
O26JU	1	0
O33WIZ	1	0
O3G	1	0
O3XDOU	0	0
O42W	1	0
O46FH	1	0
O52HM/P	1	0
O54VMG/P	1	0
O6TO	1	0
O75SB	1	0
O776MF	0	0
O85XQ	1	0
O93CX	1	0
O9M	1	0
OB9/R	1	0
OC	0	0
OCJ	0	0
OCPCL3Q	0	0
OD3	1	0
OD3QA38	0	0
OH2BH	1	0
OJ1FBR	1	0
OJ8H5EN	0	0
OLQE18	0	0
OM	0	0
OMPU	0	0
ON8OBR	1	0
ONL65	0	0
OOHFE	0	0
OP3FRDN8	0	0
OR01GSL	0	0
OSYRD	0	0
OT8	1	0
OVIBVT1P	0	0
OX3DN24I	0	0
OXARAH5S	0	0
OXC0ZS6	0	0
P	0	0
P03/P	1	0
P14EO	1	0
P14T	1	0
P44	1	0
P45XAC	1	0
P49/R	1	0
P785	0	0
P7LHB6	0	0
P87R/P	1	0
P8GD	1	0
P9N	1	0
PC	0	0
PC5D/P	1	0
PCJRQ7	0	0
PD2J	1	0
PDG0DGNR	0	0
PE1HDJ/P	1	0
PF1OF	1	0
PFXG6YBC	0	0
PG18	0	1
PH5RRY/P	1	0
PHIIAEQN	0	0
PHSRQPP	0	0
PJ1/R	1	0
PJ4	1	0
PJ4/K1ABC	0	0
PJA3ZT	0	0
PJJ7	0	0
PLKINQG	0	0
PM95so	0	1
PO7G3CIC	0	0
PQ0	1	0
PQ6LDYCL	0	0
PQ8	1	0
PR	0	0
PR6	1	0
PRDHBQF1	0	0
PS	0	0
PWZN4OIQ	0	0
PX2A523	0	0
PXJXFUZ	0	0
PXK297Q	0	0
PZ	0	0
PZB9J4	0	0
PZL	0	0
PZQTB8	0	0
Q	0	0
Q1HTM	1	0
Q27WBP	1	0
Q2GTQX67	0	0
Q2OH	1	0
Q62WV	1	0
Q76M	1	0
Q7X	1	0
Q85CRN/R	1	0
Q95KN	1	0
Q9YQRAJ4	0	0
QB9G/R	1	0
QBPZG/L	0	0
QBRRNNBR	0	0
QC4P/P	1	0
QC8DM	1	0
QE0FSI	1	0
QED4UA	0	0
QF0	1	0
QG6IQEVS	0	0
QG9	1	0
QG9Y	1	0
QHGO4JI	0	0
QI6	1	0
QJ4LHL/P	1	0
QJ6KB	1	0
QJ8PL/R	1	0
QK1KV	1	0
QKH	0	0
QL0D	1	0
QLLW	0	0
QLQ0	0	0
QLU/D	0	0
QM2Q	1	0
QMQL8U	0	0
QN	0	0
QN3YS	1	0
QNUAG0	0	0
QO2QTG/P	1	0
QOQLAC	0	0
QQ7/R	1	0
QQI	0	0
QQY8V5YM	0	0
QRZ	0	0
QS5O	1	0
QS8WDU	1	0
QT	0	0
QTUH6GX	0	0
QU2BUI/P	1	0
R	0	0
R0E	1	0
R0ZQBY	0	0
R11	1	0
R18O/P	1	0
R1Q	1	0
R21V	1	0
R8	1	0
R83QH/P	1	0
R86Y	1	0
RAEM	0	0
RAFALPH	0	0
RB7ZAG/P	1	0
RCPKLT7	0	0
RDKA9E	0	0
RE	0	0
RET	0	0
RG7U/R	1	0
RGVGHISY	0	0
RH60D8Q	0	0
RIPS	0	0
RMFTL4	0	0
RND	0	0
RO3EZ	1	0
ROJ6	0	0
ROT5CI2	0	0
RP3DZ/P	1	0
RPB	0	0
RR2	1	0
RR73	0	0
RR99	0	1
RRAEN5W	0	0
RS4KD/P	1	0
RSJRU	0	0
RSU1A	0	0
RT1US/P	1	0
RTYCK7	0	0
RU4CJS8	0	0
RUT	0	0
RWYJJOL	0	0
RX6	1	0
RXX6Q	0	0
RXXA2EPU	0	0
RZ0OU	1	0
RZSHA/X	0	0
S	0	0
S09/P	1	0
S13J	1	0
S1QYIM	0	0
S28RKR	1	0
S39FB	1	0
S4C7	0	0
S7E	1	0
S7S6ORRV	0	0
SB4RB8U	0	0
SD	0	0
SDPX9	0	0
SEE1	0	0
SFSOM	0	0
SIWL	0	0
SJ	0	0
SJEO	0	0
SJZP	0	0
SKG46	0	0
SM3FF	1	0
SP	0	0
SQ479O	0	0
SQ7DW	1	0
SREJU	0	0
SS00	0	0
SSVZO1	0	0
ST4E	1	0
SU1C	1	0
SU4IV	1	0
SV	0	0
SV6	1	0
SW	0	0
SW7	1	0
SY3NH	1	0
SY9WE	1	0
SYHU40	0	0
SZGI	0	0
T	0	0
T171W	0	0
T26	1	0
T38	1	0
T3K	1	0
T41V/P	1	0
T4JDQ7N	0	0
T54/P	1	0
T55KLV/R	1	0
T59I/P	1	0
T5E	1	0
T68GQQ4	0	0
T68Z/R	1	0
T7ZKE	1	0
T85/R	1	0
T8DLI8D	0	0
T8EE	1	0
T92MJ	1	0
T96JI	1	0
TA	0	0
TA1	1	0
TB1A	1	0
TB9	1	0
TBM	0	0
TD/IWA	0	0
TEST	0	0
TF2ER/P	1	0
TF3AMW/R	1	0
TF7JY5J	0	0
TFDUEFEH	0	0
TG	0	0
TG3VE/P	1	0
TGQKN787	0	0
TGU1N	0	0
TH8IP/R	1	0
THQYO2Q	0	0
TI2S4IQ	0	0
TI3R/P	1	0
TI7KZ/P	1	0
TJ7B/R	1	0
TK3K	1	0
TK3Z3U6	0	0
TLYRMA	0	0
TM02OVOY	0	0
TM1PG/P	1	0
TNJUS4	0	0
TNX	0	0
TO8T/P	1	0
TOIWIQD	0	0
TPA4J6	0	0
TR8GD/R	1	0
TT1UZ/P	1	0
TV6	1	0
TX1	1	0
TX2JB	1	0
TZEK	0	0
U	0	0
U0DW7	0	0
U1VT	1	0
U2I492	0	0
U2KHK02V	0	0
U3	1	0
U30E	1	0
U390RU	0	0
U4	1	0
U6X0VB89	0	0
U7	1	0
UA	0	0
UAB	0	0
UB0	1	0
UCS1X	0	0
UD8TKR/R	1	0
UE	0	0
UF	0	0
UF0KRR	1	0
UFE7GFX0	0	0
UG1	1	0
UGFR93CE	0	0
UI4JLZ	1	0
UJ0BS	1	0
UL8JUT30	0	0
UL9LCR/P	1	0
UM1WMX	1	0
UN4/P	1	0
UO	0	0
UO6/P	1	0
UQ2	1	0
UR	0	0
URTWSO	0	0
USNB	0	0
UT8NA/P	1	0
UU2NSR	1	0
UW3OB	1	0
UWREFBYA	0	0
UWU	0	0
UX9DGC6R	0	0
UZ2	1	0
V	0	0
V27GR/R	1	0
V2AZG	1	0
V3	1	0
V40A/R	1	0
V4I76WBM	0	0
V56/R	1	0
V66	1	0
V6EJQ	1	0
V7	1	0
V7MKN	1	0
V8GG0Z2	0	0
V9	1	0
VA5	1	0
VAH	0	0
VATPY	0	0
VBBS3LT	0	0
VBD5XYA	0	0
VBEAH4FH	0	0
VC	0	0
VC8W	1	0
VC9IS	1	0
VCIMN	0	0
VD2S	1	0
VE47	0	0
VEUII	0	0
VK3NV	1	0
VLJ7SV0	0	0
VLT99K3C	0	0
VO5	1	0
VO9YIP	1	0
VPG	0	0
VPU/PD	0	0
VQ3VPM/R	1	0
VQZNX	0	0
VS3BYM/P	1	0
VSRA	0	0
VT	0	0
VT0	1	0
VX37	0	0
VY7XGO	1	0
VY87	0	0
VZ1F	1	0
W	0	0
W/QEGE	0	0
W1	1	0
W14KHS	1	0
W1A	1	0
W1ABCD	0	0
W1AW	1	0
W24X6	0	0
W45	1	0
W4U1JFDV	0	0
W5	1	0
W5VLU5	0	0
W5VTF	1	0
W7	1	0
W79ESH	1	0
W9	1	0
W92ODTNL	0	0
W9AGIMNN	0	0
W9GUROC	0	0
WAE8FCX	0	0
WB0IHS	1	0
WB2C3R8	0	0
WBXZN	0	0
WC8	1	0
WD2	1	0
WEJU4U	0	0
WF0LUM	1	0
WFSH	0	0
WG8	1	0
WH1BG	1	0
WH8E/R	1	0
WI3CEE	1	0
WIJ	0	0
WKZ	0	0
WKZJL6MP	0	0
WL0SWJ	1	0
WM2C	1	0
WN6YI	1	0
WNMQ	0	0
WO1	1	0
WO6DJF/R	1	0
WR7F/R	1	0
WRY	0	0
WSX6SBB	0	0
WTKA	0	0
WTLZVV	0	0
WVPFGU	0	0
WW6D	1	0
WWXGM4AW	0	0
WX	0	0
WX9AQ/P	1	0
WX9DQ	1	0
WY5E/R	1	0
WYERT	0	0
WZYA5TT1	0	0
X	0	0
X26WNO	1	0
X2IT	1	0
X43PR/P	1	0
X4AY	1	0
X5K5Z	0	0
X5NN	1	0
X5T2A	0	0
X6P3N	0	0
X73P/P	1	0
X7N	1	0
X8	1	0
X8297J	0	0
X84U	1	0
X85	1	0
X9A5VQ	0	0
XAD	0	0
XAN97XIM	0	0
XB5LDA	1	0
XD0ZX	1	0
XEK	0	0
XEY	0	0
XG2	1	0
XG8HRH/R	1	0
XH	0	0
XH1H	1	0
XH2QZYX	0	0
XHKD807	0	0
XHW	0	0
XI	0	0
XI6X/P	1	0
XJE	0	0
XL1GC	1	0
XLKWP	0	0
XLLJ7V79	0	0
XMLMPENN	0	0
XMO4VR	0	0
XOOW4YA	0	0
XOR6ZE3	0	0
XP2/R	1	0
XQ5/P	1	0
XQC	0	0
XR2A8	0	0
XR58ID7T	0	0
XRAGXOFI	0	0
XS	0	0
XS7CYM/P	1	0
XSMQC	0	0
XTN85V	0	0
XV	0	0
XW	0	0
XW0I	1	0
XWXJJH6	0	0
XX3/P	1	0
XX9XXX	1	0
XXEEX6BI	0	0
XZNHFRY/	0	0
Y	0	0
Y0U1Y1	0	0
Y17	1	0
Y1P6N43I	0	0
Y2	1	0
Y46C/R	1	0
Y6D6WYT	0	0
Y7UJG	1	0
Y91SMM	1	0
Y96WL/P	1	0
Y9OA	1	0
YABF8D	0	0
YBY6XPHR	0	0
YC5UI	1	0
YC7S	1	0
YCUD24B	0	0
YD5BH2	0	0
YEJKX	0	0
YEVOXOL9	0	0
YHBZM	0	0
YJ17Q/7	0	0
YJLS	0	0
YJS9F2I	0	0
YLO	0	0
YM	0	0
YM8OE	1	0
YN	0	0
YN3IW	1	0
YOB1W1T	0	0
YP0VNDF9	0	0
YQC	0	0
YR6NT	1	0
YRAJ	0	0
YS	0	0
YTV	0	0
YUU37ME	0	0
YVGR0	0	0
YW3HNIZ5	0	0
YWL8T3	0	0
YY9SE	1	0
YZ3F	1	0
YZ4L/P	1	0
Z	0	0
Z17O	1	0
Z3	1	0
Z34/R	1	0
Z38LQ	1	0
Z394ZTA	0	0
Z3BUVBJF	0	0
Z40GNG	1	0
Z41T/R	1	0
Z42L/P	1	0
Z4F	1	0
Z4JUS18	0	0
Z4OJB	1	0
Z60XHL/R	1	0
Z69QDJA3	0	0
Z7N	1	0
Z9K8CN	0	0
ZC	0	0
ZEGDN1	0	0
ZEWKCRLR	0	0
ZFVMU6GQ	0	0
ZGHOCKTC	0	0
ZI	0	0
ZIDBTCHB	0	0
ZIX	0	0
ZJFZ0TD	0	0
ZJOGH6	0	0
ZK	0	0
ZK0QCB/R	1	0
ZK2GG5PX	0	0
ZK2MJ	1	0
ZN	0	0
ZN5P	1	0
ZO4E	1	0
ZO4WMU	1	0
ZOF1V2N	0	0
ZOK	0	0
ZOV1AB	0	0
ZP13IESH	0	0
ZR6JV	1	0
ZS27	0	0
ZU6	1	0
ZU6DLS/P	1	0
ZWL3HR6	0	0
ZX7OF	1	0
ZZ8U/P	1	0
ZZOK1DJ	0	0
en37	0	1
en37ab	0	1
